zoa_area,corridor,weeks,not_passable,difficulties,flood_weeks,changes
Aweil (Lol),Akuem - Aweil - Wau,125,0.0,0.0,0.0,0
Aweil (Lol),Aweil - Akun - Gogrial,125,0.0,1.0,0.08,0
Aweil (Lol),Aweil - Gogrial,13,0.0,0.0,0.0,0
Aweil (Lol),Aweil - Gossinga,129,0.0,0.9689922480620154,0.0,0
Aweil (Lol),Aweil - Raga,9,0.0,1.0,0.0,0
Aweil (Lol),Aweil - Wau,13,0.0,0.0,0.0,0
Aweil (Lol),Aweil - Yith Pabol,120,0.5333333333333333,0.0,0.0,0
Bor South,Baidit - Bor,138,0.11594202898550725,0.8405797101449275,0.0,6
Bor South,Baidit - Duk Padiet,18,0.2777777777777778,0.7222222222222222,0.1111111111111111,0
Bor South,Baidit - Mabior,59,0.847457627118644,0.15254237288135594,0.2033898305084746,2
Bor South,Baidit - Mabior - Duk Padiet,47,0.2978723404255319,0.6595744680851063,0.0,6
Bor South,Baidit - Mabior - Kongor,13,0.0,1.0,0.0,0
Bor South,Bor - Gadiang,123,0.6097560975609756,0.37398373983739835,0.0,6
Bor South,Bor - Gemeiza,125,0.96,0.0,0.0,0
Bor South,Bor - Gemmaiza,13,0.0,0.0,0.0,0
Bor South,Bor - Manyabol,7,0.0,1.0,0.0,0
Bor South,Bor - Pengko,125,0.6,0.36,0.0,8
Bor South,Gadiang - Manyabol,126,1.0,0.0,0.015873015873015872,0
Bor South,Manyabol - Pengko,131,0.5725190839694656,0.3893129770992366,0.015267175572519083,8
