A00,A01,A02,A03,A04,A05,A06,A07,A08,A09,A10,A11,A12,A13,A14,A15,A16,A17,A18,A19,A20,A21,A22,A23,A24,A25,A26,A27,A28,A29,A30,A31,A32,A33,A34,A35,A36,A37,A38,A39,A40,A41,A42,A43,A44,A45,A46,A47,A48,A49,A50,A51,A52,A53,A54,A55,A56,A57,A58,A59,A60,A61,A62,A63,id
-0.05911572472126105,-0.11909265667051133,0.2364628988850442,0.010396001537870049,-0.09842368319876971,0.01574778931180315,-0.05911572472126105,0.07972318339100345,-0.14769703960015382,-0.044844290657439445,-0.15378700499807765,0.0629911572472126,-0.19986159169550174,0.022206843521722412,0.029773164167627833,0.16000000000000003,-0.09356401384083046,0.07972318339100345,-0.11909265667051133,0.10340638216070744,-0.0629911572472126,0.15378700499807765,0.14173010380622836,0.14769703960015382,0.044844290657439445,-0.003936947327950788,0.1929104190695886,-0.0629911572472126,-0.2069357939254133,0.13016532103037293,-0.041584006151480196,-0.03844675124951941,-0.13588619761630144,-0.044844290657439445,-0.003014225297962322,0.044844290657439445,-0.16633602460592078,0.15378700499807765,0.17937716262975778,-0.15378700499807765,0.09842368319876971,-0.07972318339100345,-0.2069357939254133,0.13016532103037293,-0.09356401384083046,0.16633602460592078,-0.024605920799692427,-0.003014225297962322,-0.186082276047674,-0.16633602460592078,0.1929104190695886,0.21413302575932336,-0.0629911572472126,-0.06698961937716265,0.16000000000000003,0.09356401384083046,0.04822760476739715,0.03844675124951941,-0.17279507881584008,-0.186082276047674,-0.16633602460592078,0.14173010380622836,0.11909265667051133,0.13016532103037293,P01
0.10340638216070744,-0.08882737408688965,0.19986159169550174,0.00024605920799692423,-0.04822760476739715,0.07111111111111111,-0.14173010380622836,0.008858131487889272,-0.3188927335640138,-0.0629911572472126,0.13588619761630144,0.01384083044982699,-0.3188927335640138,0.06698961937716265,-0.05173394848135333,0.13016532103037293,0.06698961937716265,0.007443291041906958,-0.17279507881584008,-0.0629911572472126,-0.14769703960015382,0.13588619761630144,0.09356401384083046,0.2761399461745483,-0.05173394848135333,0.10340638216070744,0.08421376393694734,-0.006151480199923107,-0.17279507881584008,0.13588619761630144,-0.09842368319876971,0.08421376393694734,-0.010396001537870049,0.08421376393694734,-0.0005536332179930795,0.012056901191849288,-0.11374086889657825,0.041584006151480196,0.14769703960015382,-0.186082276047674,0.16633602460592078,-0.07111111111111111,-0.17937716262975778,0.11374086889657825,0.003014225297962322,-0.03844675124951941,-0.05911572472126105,-0.01574778931180315,-0.2599000384467512,-0.03844675124951941,0.03254133025759323,0.044844290657439445,-0.044844290657439445,-0.07111111111111111,0.10340638216070744,0.044844290657439445,-0.04822760476739715,0.05911572472126105,-0.2069357939254133,-0.07535563244905807,-0.0271280276816609,0.186082276047674,0.2069357939254133,0.15378700499807765,P02
0.05536332179930796,0.022206843521722412,0.05911572472126105,0.05536332179930796,-0.03543252595155709,0.044844290657439445,0.03844675124951941,-0.0629911572472126,-0.022206843521722412,0.12456747404844293,-0.007443291041906958,0.03844675124951941,-0.13588619761630144,-0.12456747404844293,0.17279507881584008,0.2364628988850442,-0.15378700499807765,0.07111111111111111,-0.2519646289888504,0.007443291041906958,-0.31009611687812383,0.07535563244905807,-0.03254133025759323,0.16000000000000003,0.05536332179930796,0.09842368319876971,0.22145328719723184,0.01574778931180315,-0.01384083044982699,-0.017777777777777778,-0.16633602460592078,0.11374086889657825,-0.2599000384467512,-0.1085121107266436,0.1085121107266436,0.15378700499807765,-0.186082276047674,0.08421376393694734,0.14769703960015382,-0.03254133025759323,0.029773164167627833,0.044844290657439445,-0.2364628988850442,0.05173394848135333,-0.03543252595155709,0.186082276047674,-0.2288965782391388,0.029773164167627833,-0.17937716262975778,-0.022206843521722412,0.14173010380622836,0.13016532103037293,0.024605920799692427,-0.12456747404844293,0.11374086889657825,0.06698961937716265,0.09356401384083046,0.07111111111111111,-0.24415224913494812,-0.08882737408688965,-0.012056901191849288,0.022206843521722412,0.06698961937716265,0.022206843521722412,P03
0.07535563244905807,-0.05536332179930796,0.09842368319876971,0.06698961937716265,-0.05911572472126105,0.08882737408688965,0.044844290657439445,0.05911572472126105,-0.10340638216070744,0.04822760476739715,0.2599000384467512,-0.044844290657439445,-0.2069357939254133,-0.029773164167627833,0.04822760476739715,0.09356401384083046,0.04822760476739715,-0.14769703960015382,-0.15378700499807765,-0.06698961937716265,0.044844290657439445,0.05911572472126105,0.1085121107266436,0.19986159169550174,-0.08882737408688965,-0.1085121107266436,0.186082276047674,-0.14173010380622836,0.044844290657439445,0.09356401384083046,-0.22145328719723184,0.31009611687812383,-0.041584006151480196,-0.019930795847750864,-0.017777777777777778,0.05173394848135333,0.05911572472126105,-0.007443291041906958,0.11909265667051133,-0.05911572472126105,-0.07111111111111111,-0.09842368319876971,0.03844675124951941,0.07972318339100345,-0.16000000000000003,0.07111111111111111,-0.37425605536332185,0.14769703960015382,-0.2288965782391388,-0.029773164167627833,0.04822760476739715,0.17279507881584008,-0.1085121107266436,-0.14173010380622836,0.09842368319876971,0.04822760476739715,0.0015378700499807767,0.08421376393694734,-0.05536332179930796,-0.08882737408688965,-0.0271280276816609,-0.06698961937716265,-0.019930795847750864,0.29287197231833906,P04
0.03543252595155709,-0.15378700499807765,0.2288965782391388,0.01384083044982699,-0.10340638216070744,0.029773164167627833,-0.22145328719723184,0.01384083044982699,-0.2679584775086506,-0.09842368319876971,0.09356401384083046,-6.151480199923106e-05,-0.28444444444444444,0.022206843521722412,-0.09356401384083046,0.15378700499807765,-0.003014225297962322,0.041584006151480196,-0.12456747404844293,-0.01384083044982699,-0.12456747404844293,0.186082276047674,0.19986159169550174,0.2519646289888504,-0.04822760476739715,0.07111111111111111,0.06698961937716265,-0.003936947327950788,-0.2069357939254133,0.186082276047674,-0.03543252595155709,0.012056901191849288,-0.024605920799692427,-0.041584006151480196,-0.017777777777777778,0.0015378700499807767,-0.14769703960015382,0.07972318339100345,0.22145328719723184,-0.16000000000000003,0.186082276047674,-0.06698961937716265,-0.15378700499807765,0.1085121107266436,-0.06698961937716265,-0.004982698961937716,-0.0271280276816609,0.029773164167627833,-0.21413302575932336,-0.09842368319876971,0.05911572472126105,0.10340638216070744,-0.03543252595155709,-0.07972318339100345,0.1085121107266436,0.04822760476739715,-0.024605920799692427,0.041584006151480196,-0.1929104190695886,-0.05911572472126105,-0.017777777777777778,0.17279507881584008,0.1929104190695886,0.08882737408688965,P05
0.09842368319876971,-0.0629911572472126,0.16000000000000003,0.019930795847750864,-0.03254133025759323,0.01574778931180315,-0.09356401384083046,0.004982698961937716,-0.2519646289888504,-0.008858131487889272,0.11374086889657825,0.07111111111111111,-0.29287197231833906,0.04822760476739715,-0.03844675124951941,0.09356401384083046,-0.008858131487889272,-0.003936947327950788,-0.2679584775086506,0.006151480199923107,-0.2599000384467512,0.04822760476739715,0.08882737408688965,0.2679584775086506,0.03844675124951941,0.16000000000000003,0.11374086889657825,-0.04822760476739715,-0.019930795847750864,0.17279507881584008,-0.14173010380622836,0.10340638216070744,-0.16633602460592078,0.07535563244905807,0.06698961937716265,-0.12456747404844293,-0.11909265667051133,0.12456747404844293,0.2364628988850442,-0.1929104190695886,0.08882737408688965,-0.07535563244905807,-0.16633602460592078,0.14769703960015382,0.03254133025759323,0.003014225297962322,-0.14173010380622836,-0.05173394848135333,-0.17279507881584008,0.05536332179930796,-0.024605920799692427,0.0271280276816609,0.019930795847750864,-0.044844290657439445,0.03844675124951941,0.06698961937716265,-0.0271280276816609,-0.09356401384083046,-0.22145328719723184,-0.13016532103037293,-0.11374086889657825,0.09356401384083046,0.13588619761630144,0.16000000000000003,P06
-0.04822760476739715,-0.09356401384083046,0.2364628988850442,-0.022206843521722412,-0.09842368319876971,0.029773164167627833,-0.03254133025759323,0.10340638216070744,-0.14173010380622836,-0.10340638216070744,-0.04822760476739715,0.01574778931180315,-0.22145328719723184,0.05173394848135333,0.024605920799692427,0.16633602460592078,-0.08882737408688965,0.05911572472126105,-0.12456747404844293,0.08421376393694734,-0.11909265667051133,0.11909265667051133,0.1929104190695886,0.13016532103037293,0.04822760476739715,-0.0271280276816609,0.16633602460592078,-0.05911572472126105,-0.2519646289888504,0.11374086889657825,-0.044844290657439445,-0.000984236831987697,-0.16633602460592078,-0.024605920799692427,0.022206843521722412,0.003936947327950788,-0.16633602460592078,0.17279507881584008,0.19986159169550174,-0.11909265667051133,0.13016532103037293,-0.09842368319876971,-0.1929104190695886,0.1085121107266436,-0.09842368319876971,0.15378700499807765,-0.05911572472126105,-0.003936947327950788,-0.15378700499807765,-0.14173010380622836,0.17937716262975778,0.2364628988850442,-0.04822760476739715,-0.0629911572472126,0.15378700499807765,0.13588619761630144,0.03844675124951941,0.05173394848135333,-0.17279507881584008,-0.16633602460592078,-0.12456747404844293,0.13588619761630144,0.1085121107266436,0.16633602460592078,P07
-0.05173394848135333,-0.11909265667051133,0.17937716262975778,0.010396001537870049,-0.1085121107266436,0.002214532871972318,-0.10340638216070744,0.11909265667051133,-0.17279507881584008,-0.07111111111111111,-0.07111111111111111,0.0015378700499807767,-0.1929104190695886,-0.007443291041906958,0.019930795847750864,0.16633602460592078,-0.10340638216070744,0.07535563244905807,-0.05911572472126105,0.10340638216070744,-0.15378700499807765,0.12456747404844293,0.16000000000000003,0.17279507881584008,0.03543252595155709,0.03543252595155709,0.15378700499807765,-0.07535563244905807,-0.2519646289888504,0.08421376393694734,-0.05536332179930796,-0.012056901191849288,-0.13016532103037293,-0.0629911572472126,0.022206843521722412,0.03543252595155709,-0.186082276047674,0.13016532103037293,0.186082276047674,-0.14173010380622836,0.16000000000000003,-0.07972318339100345,-0.22145328719723184,0.13016532103037293,-0.05536332179930796,0.17937716262975778,-0.004982698961937716,0.044844290657439445,-0.2069357939254133,-0.12456747404844293,0.186082276047674,0.21413302575932336,-0.05911572472126105,-0.07111111111111111,0.17279507881584008,0.06698961937716265,0.04822760476739715,0.05536332179930796,-0.19986159169550174,-0.16000000000000003,-0.08421376393694734,0.14173010380622836,0.14173010380622836,0.11374086889657825,P08
-0.012056901191849288,-0.13016532103037293,0.17937716262975778,0.010396001537870049,-0.12456747404844293,0.022206843521722412,-0.14769703960015382,0.044844290657439445,-0.13016532103037293,-0.06698961937716265,0.13588619761630144,0.05536332179930796,-0.24415224913494812,0.03844675124951941,-0.024605920799692427,0.17937716262975778,-0.029773164167627833,0.006151480199923107,-0.17937716262975778,0.017777777777777778,-0.2599000384467512,0.14769703960015382,0.15378700499807765,0.17279507881584008,-0.0271280276816609,-0.01574778931180315,0.13588619761630144,-0.05173394848135333,-0.11374086889657825,0.13588619761630144,-0.08421376393694734,0.05536332179930796,-0.14173010380622836,-0.0629911572472126,0.01574778931180315,0.006151480199923107,-0.19986159169550174,0.07111111111111111,0.2599000384467512,-0.05536332179930796,0.11374086889657825,-0.04822760476739715,-0.17937716262975778,0.11374086889657825,-0.0271280276816609,0.044844290657439445,-0.08421376393694734,0.029773164167627833,-0.19986159169550174,-0.08421376393694734,0.1085121107266436,0.14173010380622836,-0.06698961937716265,-0.05911572472126105,0.0629911572472126,0.09842368319876971,0.09842368319876971,-0.029773164167627833,-0.28444444444444444,-0.2288965782391388,0.017777777777777778,0.15378700499807765,0.13588619761630144,0.1929104190695886,P09
0.11374086889657825,0.07111111111111111,0.07972318339100345,0.04822760476739715,-0.09356401384083046,0.01574778931180315,0.07972318339100345,-0.07972318339100345,0.03844675124951941,0.05911572472126105,0.05536332179930796,0.0005536332179930795,-0.2679584775086506,-0.1085121107266436,0.16633602460592078,0.15378700499807765,-0.0015378700499807767,0.16633602460592078,-0.24415224913494812,0.0271280276816609,-0.19986159169550174,0.12456747404844293,0.19986159169550174,0.186082276047674,0.06698961937716265,-0.07111111111111111,0.29287197231833906,0.041584006151480196,0.03844675124951941,0.03543252595155709,-0.11374086889657825,0.08882737408688965,-0.1085121107266436,-0.16633602460592078,0.07972318339100345,0.15378700499807765,-0.09842368319876971,0.14769703960015382,0.2069357939254133,-0.17937716262975778,0.007443291041906958,-0.041584006151480196,-0.11374086889657825,0.15378700499807765,-0.03543252595155709,0.1929104190695886,-0.2761399461745483,0.08882737408688965,-0.05536332179930796,0.041584006151480196,0.09356401384083046,0.09842368319876971,0.041584006151480196,-0.10340638216070744,0.14769703960015382,0.12456747404844293,-0.05536332179930796,0.0629911572472126,-0.17279507881584008,-0.1085121107266436,-0.007443291041906958,0.09356401384083046,0.041584006151480196,0.07535563244905807,P10
0.11374086889657825,-0.024605920799692427,0.1085121107266436,-0.022206843521722412,-0.024605920799692427,0.05173394848135333,-0.08421376393694734,-0.03844675124951941,-0.22145328719723184,0.03543252595155709,0.09356401384083046,0.05911572472126105,-0.24415224913494812,0.008858131487889272,0.022206843521722412,0.11374086889657825,-0.06698961937716265,0.05536332179930796,-0.2599000384467512,0.0271280276816609,-0.3014225297962323,0.044844290657439445,0.03543252595155709,0.2519646289888504,0.03844675124951941,0.16633602460592078,0.09356401384083046,-0.010396001537870049,0.019930795847750864,0.08882737408688965,-0.14769703960015382,0.08882737408688965,-0.24415224913494812,0.022206843521722412,0.09842368319876971,-0.000984236831987697,-0.186082276047674,0.12456747404844293,0.2679584775086506,-0.13016532103037293,0.09842368319876971,-0.03844675124951941,-0.2069357939254133,0.11374086889657825,-0.019930795847750864,0.04822760476739715,-0.17937716262975778,-0.01574778931180315,-0.21413302575932336,0.0271280276816609,0.044844290657439445,0.05536332179930796,0.044844290657439445,-0.07972318339100345,0.0629911572472126,0.07972318339100345,0.006151480199923107,-0.03844675124951941,-0.2599000384467512,-0.13588619761630144,-0.05911572472126105,0.1085121107266436,0.11374086889657825,0.11909265667051133,P11
-0.05911572472126105,-0.13588619761630144,0.17937716262975778,-0.003014225297962322,-0.08882737408688965,0.022206843521722412,-0.04822760476739715,0.07111111111111111,-0.13588619761630144,-0.07111111111111111,0.008858131487889272,0.05536332179930796,-0.24415224913494812,0.05173394848135333,0.019930795847750864,0.14769703960015382,-0.08421376393694734,0.15378700499807765,-0.10340638216070744,0.04822760476739715,-0.17937716262975778,0.21413302575932336,0.13588619761630144,0.13588619761630144,0.024605920799692427,-0.07111111111111111,0.13016532103037293,-0.08421376393694734,-0.15378700499807765,0.041584006151480196,-0.022206843521722412,0.019930795847750864,-0.13016532103037293,-0.017777777777777778,0.05536332179930796,0.012056901191849288,-0.1929104190695886,0.11374086889657825,0.2519646289888504,-0.07111111111111111,0.09356401384083046,-0.09356401384083046,-0.2069357939254133,0.09842368319876971,-0.05536332179930796,0.07111111111111111,-0.06698961937716265,-0.006151480199923107,-0.1929104190695886,-0.05173394848135333,0.2364628988850442,0.19986159169550174,-0.10340638216070744,-0.07111111111111111,0.12456747404844293,0.13016532103037293,0.09842368319876971,0.003014225297962322,-0.28444444444444444,-0.2288965782391388,-0.010396001537870049,0.13016532103037293,0.11374086889657825,0.15378700499807765,P12
0.11909265667051133,0.10340638216070744,0.17279507881584008,0.0271280276816609,-0.09842368319876971,0.05911572472126105,-0.06698961937716265,-0.044844290657439445,-0.14173010380622836,0.12456747404844293,0.17937716262975778,-0.03254133025759323,-0.19986159169550174,-0.13016532103037293,-0.029773164167627833,0.13016532103037293,-0.008858131487889272,0.0629911572472126,-0.19986159169550174,0.0015378700499807767,-0.12456747404844293,0.09842368319876971,0.10340638216070744,0.36472126105344094,0.08882737408688965,0.01574778931180315,0.14769703960015382,0.05911572472126105,0.14173010380622836,0.029773164167627833,-0.17279507881584008,0.12456747404844293,-0.04822760476739715,0.05173394848135333,0.10340638216070744,0.044844290657439445,0.07535563244905807,0.10340638216070744,0.16000000000000003,-0.24415224913494812,-0.05911572472126105,-0.05536332179930796,-0.09842368319876971,0.16633602460592078,0.05536332179930796,0.10340638216070744,-0.2519646289888504,0.10340638216070744,-0.03254133025759323,0.2519646289888504,-0.0271280276816609,0.044844290657439445,0.07111111111111111,-0.11909265667051133,0.14769703960015382,0.06698961937716265,-0.029773164167627833,-0.07111111111111111,-0.16633602460592078,-0.15378700499807765,-0.13016532103037293,0.1085121107266436,0.06698961937716265,0.10340638216070744,P13
0.16000000000000003,0.0629911572472126,0.17937716262975778,0.0629911572472126,-0.05173394848135333,-0.00024605920799692423,0.01384083044982699,-0.05173394848135333,-0.07111111111111111,0.06698961937716265,0.17279507881584008,0.01384083044982699,-0.29287197231833906,-0.09356401384083046,0.09356401384083046,0.10340638216070744,0.08421376393694734,0.07972318339100345,-0.2519646289888504,-0.03254133025759323,-0.15378700499807765,0.06698961937716265,0.19986159169550174,0.17937716262975778,0.08421376393694734,0.06698961937716265,0.2364628988850442,0.09842368319876971,0.006151480199923107,0.1085121107266436,-0.16633602460592078,0.11909265667051133,-0.1085121107266436,-0.05911572472126105,-0.003014225297962322,0.14769703960015382,-0.0629911572472126,0.12456747404844293,0.2288965782391388,-0.2069357939254133,0.044844290657439445,-0.1085121107266436,-0.17937716262975778,0.13016532103037293,0.010396001537870049,0.1085121107266436,-0.2519646289888504,0.07972318339100345,-0.08882737408688965,0.017777777777777778,0.01574778931180315,0.10340638216070744,0.0271280276816609,-0.09356401384083046,0.13588619761630144,0.08421376393694734,-0.1085121107266436,0.09842368319876971,-0.17279507881584008,-0.13016532103037293,-0.006151480199923107,0.16000000000000003,0.0629911572472126,0.13588619761630144,P14
0.08421376393694734,0.017777777777777778,0.21413302575932336,0.008858131487889272,-0.04822760476739715,0.019930795847750864,-0.0629911572472126,-0.004982698961937716,-0.2364628988850442,0.04822760476739715,0.06698961937716265,0.05173394848135333,-0.186082276047674,0.017777777777777778,0.022206843521722412,0.17937716262975778,-0.01574778931180315,-0.022206843521722412,-0.2599000384467512,0.003014225297962322,-0.28444444444444444,0.03254133025759323,0.07111111111111111,0.2364628988850442,0.0271280276816609,0.19986159169550174,0.11909265667051133,0.022206843521722412,-0.029773164167627833,0.1085121107266436,-0.13016532103037293,0.10340638216070744,-0.2069357939254133,0.029773164167627833,0.08421376393694734,-0.004982698961937716,-0.1085121107266436,0.09842368319876971,0.2069357939254133,-0.13016532103037293,0.14173010380622836,-0.03254133025759323,-0.2069357939254133,0.13588619761630144,0.029773164167627833,0.05536332179930796,-0.1929104190695886,0.041584006151480196,-0.21413302575932336,-0.019930795847750864,0.012056901191849288,0.05173394848135333,0.07111111111111111,-0.07111111111111111,0.06698961937716265,0.07111111111111111,0.022206843521722412,0.002214532871972318,-0.3278123798539023,-0.11374086889657825,-0.08421376393694734,0.09356401384083046,0.10340638216070744,0.16000000000000003,P15
0.11909265667051133,0.13016532103037293,0.16633602460592078,0.0629911572472126,-0.09356401384083046,0.022206843521722412,0.003936947327950788,-0.07535563244905807,-0.08882737408688965,0.14769703960015382,0.16000000000000003,-0.05536332179930796,-0.2069357939254133,-0.17279507881584008,0.003014225297962322,0.1085121107266436,0.044844290657439445,0.024605920799692427,-0.21413302575932336,0.003014225297962322,-0.14173010380622836,0.09842368319876971,0.13588619761630144,0.31009611687812383,0.12456747404844293,0.044844290657439445,0.2288965782391388,0.11374086889657825,0.08882737408688965,-0.0271280276816609,-0.22145328719723184,0.1929104190695886,-0.07972318339100345,0.03543252595155709,0.05173394848135333,0.14173010380622836,0.041584006151480196,0.08882737408688965,0.16633602460592078,-0.21413302575932336,-0.0271280276816609,-0.044844290657439445,-0.09842368319876971,0.14769703960015382,0.012056901191849288,0.13016532103037293,-0.2761399461745483,0.13016532103037293,-0.029773164167627833,0.16000000000000003,-0.003936947327950788,0.041584006151480196,0.1085121107266436,-0.08421376393694734,0.12456747404844293,0.0629911572472126,-0.1085121107266436,0.03844675124951941,-0.14769703960015382,-0.13588619761630144,-0.06698961937716265,0.12456747404844293,0.08421376393694734,0.09842368319876971,P16
0.08882737408688965,0.08421376393694734,0.16633602460592078,0.08421376393694734,-0.1085121107266436,0.09842368319876971,-0.07535563244905807,-0.05536332179930796,-0.0629911572472126,0.17279507881584008,0.14769703960015382,-0.05911572472126105,-0.19986159169550174,-0.13588619761630144,-0.024605920799692427,0.16000000000000003,-0.019930795847750864,0.0629911572472126,-0.186082276047674,0.017777777777777778,-0.08882737408688965,0.11374086889657825,0.14173010380622836,0.36472126105344094,0.07535563244905807,-0.019930795847750864,0.1929104190695886,0.06698961937716265,0.11374086889657825,-0.0629911572472126,-0.1929104190695886,0.13588619761630144,-0.017777777777777778,0.01384083044982699,0.07535563244905807,0.11909265667051133,0.08882737408688965,0.07535563244905807,0.11909265667051133,-0.21413302575932336,-0.05911572472126105,-0.01574778931180315,-0.044844290657439445,0.13588619761630144,0.024605920799692427,0.10340638216070744,-0.3014225297962323,0.13588619761630144,-0.024605920799692427,0.2519646289888504,0.017777777777777778,0.05536332179930796,0.08882737408688965,-0.1085121107266436,0.16000000000000003,0.08421376393694734,-0.03254133025759323,-0.017777777777777778,-0.17937716262975778,-0.1085121107266436,-0.07535563244905807,0.13016532103037293,0.044844290657439445,0.08421376393694734,P17
0.12456747404844293,0.044844290657439445,0.12456747404844293,0.07111111111111111,-0.010396001537870049,0.041584006151480196,-0.019930795847750864,6.151480199923106e-05,-0.07535563244905807,0.041584006151480196,0.1929104190695886,-0.022206843521722412,-0.3839138792772011,-0.0629911572472126,0.09842368319876971,0.16000000000000003,0.012056901191849288,0.1085121107266436,-0.2364628988850442,-0.09842368319876971,-0.13016532103037293,0.041584006151480196,0.17279507881584008,0.2519646289888504,0.08882737408688965,-0.003936947327950788,0.2519646289888504,0.017777777777777778,-0.019930795847750864,0.07111111111111111,-0.17279507881584008,0.14173010380622836,-0.09356401384083046,-0.010396001537870049,0.09356401384083046,0.09356401384083046,0.05173394848135333,0.13588619761630144,0.14769703960015382,-0.17279507881584008,-0.003014225297962322,-0.11909265667051133,-0.13588619761630144,0.14173010380622836,-0.019930795847750864,0.09842368319876971,-0.28444444444444444,0.07111111111111111,-0.07111111111111111,0.12456747404844293,0.01384083044982699,0.10340638216070744,0.019930795847750864,-0.11374086889657825,0.17279507881584008,0.03844675124951941,-0.11909265667051133,0.024605920799692427,-0.07535563244905807,-0.14173010380622836,0.007443291041906958,0.11909265667051133,0.05536332179930796,0.17279507881584008,P18
0.1085121107266436,0.0629911572472126,0.11374086889657825,0.07972318339100345,-0.08882737408688965,0.01384083044982699,0.07535563244905807,-0.0629911572472126,0.03543252595155709,0.05536332179930796,0.0629911572472126,-0.017777777777777778,-0.2599000384467512,-0.13016532103037293,0.16000000000000003,0.15378700499807765,-0.03254133025759323,0.16000000000000003,-0.2288965782391388,0.024605920799692427,-0.16000000000000003,0.15378700499807765,0.186082276047674,0.186082276047674,0.08882737408688965,-0.07535563244905807,0.3014225297962323,0.03844675124951941,0.03543252595155709,-0.019930795847750864,-0.11909265667051133,0.11909265667051133,-0.09356401384083046,-0.13588619761630144,0.05911572472126105,0.16000000000000003,-0.06698961937716265,0.13016532103037293,0.19986159169550174,-0.19986159169550174,-0.004982698961937716,-0.03543252595155709,-0.11909265667051133,0.12456747404844293,-0.019930795847750864,0.186082276047674,-0.3014225297962323,0.1085121107266436,-0.05536332179930796,0.0629911572472126,0.10340638216070744,0.10340638216070744,0.024605920799692427,-0.09356401384083046,0.16633602460592078,0.08421376393694734,-0.041584006151480196,0.0629911572472126,-0.17279507881584008,-0.10340638216070744,0.01384083044982699,0.09842368319876971,0.03254133025759323,0.09842368319876971,P19
-0.029773164167627833,-0.07535563244905807,0.2364628988850442,-0.0271280276816609,-0.13016532103037293,-0.017777777777777778,-0.10340638216070744,0.05536332179930796,-0.09356401384083046,-0.10340638216070744,0.022206843521722412,0.05911572472126105,-0.2364628988850442,0.03543252595155709,0.008858131487889272,0.16000000000000003,-0.06698961937716265,0.0629911572472126,-0.16000000000000003,0.07972318339100345,-0.14173010380622836,0.21413302575932336,0.17937716262975778,0.17279507881584008,0.03543252595155709,-0.07535563244905807,0.14769703960015382,-0.05536332179930796,-0.11909265667051133,0.13016532103037293,-0.04822760476739715,0.041584006151480196,-0.13588619761630144,-0.09842368319876971,0.041584006151480196,0.012056901191849288,-0.17937716262975778,0.16000000000000003,0.2599000384467512,-0.14173010380622836,0.07111111111111111,-0.07111111111111111,-0.16633602460592078,0.13588619761630144,-0.07535563244905807,0.05911572472126105,-0.08882737408688965,0.03254133025759323,-0.10340638216070744,-0.11909265667051133,0.19986159169550174,0.19986159169550174,-0.04822760476739715,-0.07972318339100345,0.1085121107266436,0.12456747404844293,0.03254133025759323,-0.05173394848135333,-0.24415224913494812,-0.2069357939254133,-0.07535563244905807,0.15378700499807765,0.09356401384083046,0.16000000000000003,P20
0.09842368319876971,-0.0271280276816609,0.13016532103037293,0.029773164167627833,-0.08882737408688965,-0.019930795847750864,-0.07972318339100345,0.024605920799692427,-0.2519646289888504,0.0271280276816609,0.03543252595155709,0.04822760476739715,-0.16633602460592078,-0.017777777777777778,0.010396001537870049,0.13016532103037293,-0.0629911572472126,0.03844675124951941,-0.2364628988850442,0.07535563244905807,-0.3278123798539023,0.03844675124951941,0.07535563244905807,0.2288965782391388,0.04822760476739715,0.17279507881584008,0.13016532103037293,-0.0629911572472126,-0.012056901191849288,0.13016532103037293,-0.14173010380622836,0.09842368319876971,-0.19986159169550174,-0.024605920799692427,0.10340638216070744,-0.022206843521722412,-0.14769703960015382,0.08882737408688965,0.2519646289888504,-0.16000000000000003,0.1085121107266436,-0.044844290657439445,-0.2288965782391388,0.10340638216070744,0.01384083044982699,0.10340638216070744,-0.15378700499807765,0.006151480199923107,-0.186082276047674,0.03844675124951941,0.029773164167627833,0.05173394848135333,0.01384083044982699,-0.05911572472126105,0.0629911572472126,0.0271280276816609,0.05536332179930796,-0.044844290657439445,-0.3188927335640138,-0.13588619761630144,-0.06698961937716265,0.08882737408688965,0.12456747404844293,0.15378700499807765,P21
0.12456747404844293,-0.10340638216070744,0.186082276047674,-0.017777777777777778,-0.024605920799692427,0.05173394848135333,-0.14769703960015382,0.05173394848135333,-0.24415224913494812,-0.05173394848135333,0.14173010380622836,0.06698961937716265,-0.31009611687812383,0.11374086889657825,0.024605920799692427,0.17937716262975778,0.007443291041906958,0.007443291041906958,-0.22145328719723184,-0.03844675124951941,-0.22145328719723184,0.07972318339100345,0.2069357939254133,0.17937716262975778,-0.03254133025759323,0.09356401384083046,0.12456747404844293,-0.003936947327950788,-0.14769703960015382,0.21413302575932336,-0.08421376393694734,0.04822760476739715,-0.09356401384083046,-0.05911572472126105,0.0629911572472126,-0.01384083044982699,-0.13588619761630144,0.11374086889657825,0.2364628988850442,-0.14173010380622836,0.10340638216070744,-0.07111111111111111,-0.19986159169550174,0.13016532103037293,-0.0271280276816609,0.010396001537870049,-0.07535563244905807,0.03254133025759323,-0.2519646289888504,-0.06698961937716265,0.01384083044982699,0.07111111111111111,-0.022206843521722412,-0.08421376393694734,0.13588619761630144,0.010396001537870049,-0.019930795847750864,0.01384083044982699,-0.186082276047674,-0.08421376393694734,-0.01384083044982699,0.09842368319876971,0.16000000000000003,0.14769703960015382,P22
0.11909265667051133,0.019930795847750864,0.14173010380622836,0.0629911572472126,-0.09842368319876971,0.007443291041906958,0.029773164167627833,-0.07535563244905807,-0.002214532871972318,0.08882737408688965,0.07535563244905807,0.024605920799692427,-0.2599000384467512,-0.07972318339100345,0.14173010380622836,0.16000000000000003,-0.0015378700499807767,0.13016532103037293,-0.2761399461745483,0.017777777777777778,-0.22145328719723184,0.09356401384083046,0.2069357939254133,0.15378700499807765,0.05536332179930796,-0.006151480199923107,0.2679584775086506,0.07111111111111111,0.0629911572472126,0.08421376393694734,-0.13588619761630144,0.08421376393694734,-0.13016532103037293,-0.13588619761630144,0.044844290657439445,0.14173010380622836,-0.09842368319876971,0.14173010380622836,0.2069357939254133,-0.186082276047674,-0.007443291041906958,-0.05536332179930796,-0.16000000000000003,0.15378700499807765,-0.002214532871972318,0.16633602460592078,-0.28444444444444444,0.07535563244905807,-0.09356401384083046,0.05173394848135333,0.03543252595155709,0.07535563244905807,0.04822760476739715,-0.11909265667051133,0.12456747404844293,0.09356401384083046,-0.07111111111111111,0.07111111111111111,-0.19986159169550174,-0.13016532103037293,-0.019930795847750864,0.09356401384083046,0.05173394848135333,0.08421376393694734,P23
-0.03543252595155709,-0.08421376393694734,0.2679584775086506,-0.003936947327950788,-0.10340638216070744,-0.000984236831987697,-0.09356401384083046,0.06698961937716265,-0.11909265667051133,-0.05173394848135333,0.0271280276816609,-0.03254133025759323,-0.2288965782391388,0.002214532871972318,0.0271280276816609,0.15378700499807765,-0.08882737408688965,0.01384083044982699,-0.05911572472126105,0.06698961937716265,-0.05911572472126105,0.1929104190695886,0.11374086889657825,0.13016532103037293,-0.03543252595155709,0.008858131487889272,0.14173010380622836,-0.07972318339100345,-0.24415224913494812,0.09842368319876971,0.05911572472126105,0.03844675124951941,-0.09842368319876971,-0.05173394848135333,-0.024605920799692427,0.08421376393694734,-0.2069357939254133,0.16000000000000003,0.22145328719723184,-0.1085121107266436,0.16633602460592078,-0.1085121107266436,-0.186082276047674,0.14173010380622836,-0.14173010380622836,0.09842368319876971,-0.003936947327950788,0.05536332179930796,-0.17937716262975778,-0.19986159169550174,0.22145328719723184,0.24415224913494812,-0.06698961937716265,-0.041584006151480196,0.14173010380622836,0.10340638216070744,0.04822760476739715,0.0629911572472126,-0.17937716262975778,-0.14173010380622836,-0.09842368319876971,0.17937716262975778,0.11374086889657825,0.08421376393694734,P24
0.11374086889657825,0.0629911572472126,0.15378700499807765,0.07111111111111111,-0.05536332179930796,0.03254133025759323,0.010396001537870049,-0.0629911572472126,0.01384083044982699,0.11374086889657825,0.03543252595155709,-0.002214532871972318,-0.2364628988850442,-0.12456747404844293,0.14173010380622836,0.17937716262975778,-0.05173394848135333,0.16633602460592078,-0.24415224913494812,0.0015378700499807767,-0.19986159169550174,0.11374086889657825,0.16633602460592078,0.22145328719723184,0.07535563244905807,-0.04822760476739715,0.3278123798539023,0.07111111111111111,0.06698961937716265,0.01384083044982699,-0.11374086889657825,0.08882737408688965,-0.09356401384083046,-0.11909265667051133,0.07111111111111111,0.14173010380622836,-0.041584006151480196,0.14769703960015382,0.14769703960015382,-0.186082276047674,-0.012056901191849288,-0.01384083044982699,-0.16633602460592078,0.16000000000000003,0.044844290657439445,0.186082276047674,-0.3014225297962323,0.07972318339100345,-0.04822760476739715,0.1085121107266436,0.0629911572472126,0.07972318339100345,0.022206843521722412,-0.12456747404844293,0.15378700499807765,0.07972318339100345,-0.04822760476739715,0.04822760476739715,-0.16633602460592078,-0.11374086889657825,-0.0629911572472126,0.1085121107266436,0.029773164167627833,0.0629911572472126,P25
0.0271280276816609,-0.1085121107266436,0.17279507881584008,0.05173394848135333,-0.11909265667051133,-0.007443291041906958,-0.10340638216070744,0.08421376393694734,-0.2288965782391388,-0.13016532103037293,0.07535563244905807,0.03543252595155709,-0.24415224913494812,0.03844675124951941,-0.06698961937716265,0.11909265667051133,0.05173394848135333,-0.03844675124951941,-0.1929104190695886,0.05173394848135333,-0.22145328719723184,0.07111111111111111,0.186082276047674,0.186082276047674,0.044844290657439445,0.11374086889657825,0.15378700499807765,-0.041584006151480196,-0.17279507881584008,0.21413302575932336,-0.14173010380622836,0.041584006151480196,-0.1929104190695886,-0.0271280276816609,0.022206843521722412,-0.07535563244905807,-0.186082276047674,0.08421376393694734,0.2288965782391388,-0.17279507881584008,0.16633602460592078,-0.07111111111111111,-0.17937716262975778,0.13016532103037293,-0.041584006151480196,0.044844290657439445,-0.041584006151480196,-0.010396001537870049,-0.186082276047674,-0.11909265667051133,0.007443291041906958,0.09842368319876971,-0.003936947327950788,-0.029773164167627833,0.07972318339100345,0.05911572472126105,-0.017777777777777778,0.008858131487889272,-0.2288965782391388,-0.12456747404844293,-0.017777777777777778,0.09356401384083046,0.16000000000000003,0.17279507881584008,P26
0.03543252595155709,-0.1085121107266436,0.17279507881584008,-0.019930795847750864,-0.13016532103037293,-0.007443291041906958,-0.13588619761630144,0.07535563244905807,-0.14769703960015382,-0.05911572472126105,0.041584006151480196,0.029773164167627833,-0.2599000384467512,0.09356401384083046,-0.029773164167627833,0.16633602460592078,-0.03844675124951941,0.06698961937716265,-0.15378700499807765,0.09356401384083046,-0.2364628988850442,0.14173010380622836,0.19986159169550174,0.17279507881584008,0.03844675124951941,-0.01384083044982699,0.12456747404844293,-0.07111111111111111,-0.10340638216070744,0.16000000000000003,-0.10340638216070744,0.05173394848135333,-0.16000000000000003,-0.07535563244905807,0.09356401384083046,-0.09356401384083046,-0.14769703960015382,0.13016532103037293,0.2519646289888504,-0.09842368319876971,0.024605920799692427,-0.07535563244905807,-0.19986159169550174,0.17937716262975778,-0.010396001537870049,0.08421376393694734,-0.07972318339100345,-0.010396001537870049,-0.15378700499807765,0.003014225297962322,0.13016532103037293,0.17937716262975778,-0.044844290657439445,-0.08882737408688965,0.08882737408688965,0.13588619761630144,0.07111111111111111,-0.07111111111111111,-0.2364628988850442,-0.19986159169550174,-0.029773164167627833,0.14173010380622836,0.08421376393694734,0.186082276047674,P27
0.09842368319876971,0.11374086889657825,0.11909265667051133,0.07972318339100345,-0.08882737408688965,0.01574778931180315,0.019930795847750864,-0.07111111111111111,-0.07111111111111111,0.11909265667051133,0.06698961937716265,-0.03254133025759323,-0.21413302575932336,-0.14173010380622836,0.1085121107266436,0.17279507881584008,-0.03844675124951941,0.10340638216070744,-0.2679584775086506,0.03254133025759323,-0.24415224913494812,0.08421376393694734,0.11374086889657825,0.2599000384467512,0.1085121107266436,0.07535563244905807,0.24415224913494812,0.06698961937716265,0.05911572472126105,-0.01574778931180315,-0.19986159169550174,0.14769703960015382,-0.15378700499807765,-0.05911572472126105,0.11909265667051133,0.13588619761630144,-0.05911572472126105,0.10340638216070744,0.17279507881584008,-0.17279507881584008,-0.017777777777777778,-0.019930795847750864,-0.186082276047674,0.09842368319876971,-0.008858131487889272,0.15378700499807765,-0.2761399461745483,0.07535563244905807,-0.08421376393694734,0.1085121107266436,0.0629911572472126,0.07972318339100345,0.09356401384083046,-0.09356401384083046,0.13016532103037293,0.07111111111111111,-0.0271280276816609,0.03844675124951941,-0.19986159169550174,-0.07972318339100345,-0.04822760476739715,0.10340638216070744,0.08882737408688965,0.0629911572472126,P28
0.1085121107266436,0.1085121107266436,0.14769703960015382,0.041584006151480196,-0.06698961937716265,0.0629911572472126,-0.029773164167627833,-0.07972318339100345,-0.10340638216070744,0.13016532103037293,0.1085121107266436,-0.024605920799692427,-0.2288965782391388,-0.1085121107266436,0.05911572472126105,0.17937716262975778,-0.03543252595155709,0.0629911572472126,-0.2679584775086506,0.01574778931180315,-0.2599000384467512,0.10340638216070744,0.10340638216070744,0.3014225297962323,0.07535563244905807,0.0629911572472126,0.19986159169550174,0.0629911572472126,0.05911572472126105,0.012056901191849288,-0.16000000000000003,0.14173010380622836,-0.12456747404844293,-0.007443291041906958,0.14173010380622836,0.1085121107266436,-0.05536332179930796,0.13588619761630144,0.17937716262975778,-0.17279507881584008,-0.008858131487889272,-0.006151480199923107,-0.17279507881584008,0.13588619761630144,0.03254133025759323,0.1085121107266436,-0.2599000384467512,0.06698961937716265,-0.09842368319876971,0.12456747404844293,0.044844290657439445,0.05536332179930796,0.07972318339100345,-0.1085121107266436,0.13588619761630144,0.06698961937716265,-0.01384083044982699,0.022206843521722412,-0.21413302575932336,-0.11909265667051133,-0.10340638216070744,0.10340638216070744,0.11374086889657825,0.0629911572472126,P29
0.11909265667051133,-0.03254133025759323,0.16000000000000003,0.004982698961937716,-0.019930795847750864,-0.004982698961937716,-0.06698961937716265,-0.012056901191849288,-0.21413302575932336,0.01384083044982699,0.17937716262975778,0.07972318339100345,-0.3188927335640138,-0.008858131487889272,0.01574778931180315,0.10340638216070744,0.09842368319876971,-0.002214532871972318,-0.29287197231833906,-0.041584006151480196,-0.17937716262975778,0.05173394848135333,0.16633602460592078,0.2364628988850442,0.022206843521722412,0.09356401384083046,0.17279507881584008,0.03254133025759323,-0.029773164167627833,0.19986159169550174,-0.186082276047674,0.07972318339100345,-0.13588619761630144,0.041584006151480196,0.029773164167627833,-0.01384083044982699,-0.07111111111111111,0.13588619761630144,0.21413302575932336,-0.2069357939254133,0.05173394848135333,-0.1085121107266436,-0.13016532103037293,0.19986159169550174,-0.03543252595155709,0.05173394848135333,-0.17279507881584008,0.017777777777777778,-0.12456747404844293,-0.01574778931180315,-0.04822760476739715,0.05173394848135333,0.022206843521722412,-0.05911572472126105,0.07111111111111111,0.08421376393694734,-0.13016532103037293,-0.007443291041906958,-0.15378700499807765,-0.16000000000000003,-0.10340638216070744,0.13588619761630144,0.14173010380622836,0.16633602460592078,P30
