id,ndvi_min_am,bsi_max_am,ndvi_peak_jja,greenup,drop_son,drop_vs_500m,texture_jja,edge_density,ndvi_min_jfm,water_occurrence,s1_vv_min,dist_buildings_m,burned,vh_jun,vh_jul,vh_aug,vh_sep,vh_range
P01,0.16062840819358826,0.17736953496932983,0.6839449405670166,0.523316502571106,0.4732365012168884,0.11966083943843842,12.958333015441895,0.06090850383043289,0.19253909587860107,0,-17.98777198791504,44.72135925292969,0,-21.09658432006836,-16.71923065185547,-16.595050811767578,-15.650752067565918,14.616776466369629
P02,0.2736365497112274,0.22160270810127258,0.6443148851394653,0.3706783354282379,0.35506653785705566,0.13530944287776947,24.625,0.09606052190065384,0.33966362476348877,0,-14.525474548339844,53.851646423339844,0,-20.186927795410156,-17.57428550720215,-17.59310531616211,-13.820219039916992,10.827973365783691
P03,0.30645161867141724,0.17797787487506866,0.6406593322753906,0.3342077136039734,-0.047271668910980225,-0.05598650127649307,0.9583333134651184,0.0,0.37152552604675293,0,-17.041179656982422,2500.0,1,-21.946439743041992,-19.281435012817383,-19.543800354003906,-17.18991470336914,10.150346755981445
P04,-0.19489982724189758,-0.03454281762242317,-0.0392913818359375,0.15560844540596008,0.6977604031562805,0.03768128156661987,0.625,0.0,-0.5418275594711304,97,-23.374134063720703,2500.0,0,-33.483909606933594,-29.768348693847656,-29.00713539123535,-31.84283447265625,10.954495429992676
P05,0.14480990171432495,0.22413603961467743,0.4075671434402466,0.26275724172592163,0.20376388728618622,-0.07141490280628204,10.520833015441895,0.07825583964586258,0.1587926298379898,0,-14.709484100341797,296.98486328125,0,-22.66752815246582,-19.725433349609375,-18.838687896728516,-17.08893585205078,7.601722240447998
P06,0.4621741771697998,0.1367061287164688,0.7428872585296631,0.2807130813598633,0.21852976083755493,0.00856606662273407,16.04166603088379,0.02567879483103752,0.4219537079334259,0,-12.848889350891113,2500.0,0,-18.024551391601562,-18.248828887939453,-16.286895751953125,-15.226449012756348,5.273562908172607
P07,0.11663705110549927,0.21684716641902924,0.6787613034248352,0.5621242523193359,0.41753000020980835,0.024805307388305664,53.375,0.11431550979614258,0.1603153496980667,0,-16.903615951538086,36.055511474609375,0,-21.760662078857422,-18.69760513305664,-16.84658432006836,-13.698249816894531,16.315279006958008
P08,0.15900582075119019,0.18599861860275269,0.720667839050293,0.5616620182991028,0.4554896056652069,0.05924251675605774,29.16666603088379,0.05558013543486595,0.19861774146556854,0,-18.116031646728516,42.42640686035156,0,-21.800765991210938,-17.399866104125977,-15.919598579406738,-13.606484413146973,12.29207706451416
P09,0.15534313023090363,0.2783814072608948,0.6461663246154785,0.4908232092857361,0.17754459381103516,-0.050838738679885864,8.5625,0.05033755302429199,0.17022959887981415,0,-18.303865432739258,1126.8096923828125,0,-21.6943416595459,-18.91607093811035,-17.85124969482422,-16.701919555664062,10.635635375976562
P10,0.15284091234207153,0.2568053603172302,0.6710866093635559,0.5182456970214844,0.2826436161994934,0.10884511470794678,2.3958332538604736,0.027198171243071556,0.1860119253396988,0,-15.361101150512695,531.6013793945312,0,-23.57216453552246,-14.189545631408691,-19.509309768676758,-19.13254737854004,12.57868766784668
P11,0.2968111038208008,0.20713616907596588,0.599734902381897,0.3029237985610962,0.14921686053276062,0.021313384175300598,5.791666507720947,0.05049828067421913,0.3384109139442444,0,-15.309000968933105,1495.7606201171875,0,-17.436161041259766,-15.742830276489258,-17.654932022094727,-16.54607391357422,6.2417097091674805
P12,0.12228690087795258,0.2729898989200592,0.587958574295044,0.4656716585159302,0.30155858397483826,-0.05178171396255493,83.5625,0.15438097715377808,0.14452798664569855,0,-17.286014556884766,215.40658569335938,0,-20.618196487426758,-21.166921615600586,-15.079975128173828,-15.002638816833496,12.164018630981445
P13,0.41605842113494873,0.05494070425629616,0.5545166730880737,0.138458251953125,0.19160065054893494,0.0011986792087554932,1.8333333730697632,0.027022942900657654,0.3528662621974945,0,-9.348779678344727,2500.0,0,-14.580714225769043,-15.147235870361328,-16.915937423706055,-17.5076847076416,7.075072288513184
P14,0.15109892189502716,0.28777027130126953,0.38780638575553894,0.23670746386051178,0.20841708779335022,0.046380504965782166,38.54166793823242,0.07206303626298904,0.40446925163269043,0,-14.781597137451172,870.2298583984375,1,-19.398378372192383,-16.879758834838867,-16.87587547302246,-17.065868377685547,11.117500305175781
P15,0.4571759104728699,0.08125728368759155,0.6067449450492859,0.14956903457641602,0.036527931690216064,-0.21527376770973206,42.20833206176758,0.0818139836192131,0.5087823867797852,0,-13.686729431152344,2500.0,0,-17.13078498840332,-16.300657272338867,-18.026287078857422,-15.105538368225098,4.525877475738525
P16,0.3906688988208771,0.03895904868841171,0.40719255805015564,0.016523659229278564,0.3904701769351959,0.15042869746685028,2.875,0.03129253908991814,0.3857493996620178,0,-12.829292297363281,2500.0,0,-14.081623077392578,-16.300859451293945,-15.922381401062012,-22.444721221923828,13.912239074707031
P17,0.37931033968925476,0.0014886603457853198,0.46159815788269043,0.08228781819343567,0.30861911177635193,0.046170830726623535,1.25,0.0018839545082300901,0.3813672959804535,0,-11.576617240905762,2500.0,0,-16.419174194335938,-16.102773666381836,-22.069284439086914,-23.664995193481445,9.765337944030762
P18,0.2154010534286499,0.24053224921226501,0.6145251393318176,0.3991240859031677,0.09125292301177979,-0.05949762463569641,12.770833015441895,0.03938555344939232,0.32925036549568176,0,-17.80780792236328,612.9437255859375,0,-22.423234939575195,-17.32839584350586,-15.272408485412598,-15.680892944335938,10.79409408569336
P19,0.20761243999004364,0.25970110297203064,0.6154120564460754,0.4077996015548706,0.20534783601760864,0.05009295046329498,0.9375,0.04854988679289818,0.22113104164600372,0,-18.638906478881836,127.27922058105469,0,-26.187108993530273,-15.982778549194336,-18.549148559570312,-18.114850997924805,15.45475959777832
P20,0.12945400178432465,0.25487184524536133,0.6809375882148743,0.5514835715293884,0.4075314998626709,0.09307631850242615,47.375,0.06357446312904358,0.13276836276054382,0,-17.6287841796875,100.4987564086914,0,-24.232711791992188,-18.818618774414062,-13.389453887939453,-13.922253608703613,15.009296417236328
P21,0.44533583521842957,0.1027991995215416,0.6768310070037842,0.23149517178535461,0.12340635061264038,-0.050626516342163086,72.625,0.10262051969766617,0.45209696888923645,0,-12.307819366455078,800.4998168945312,0,-16.151262283325195,-16.072946548461914,-15.880682945251465,-12.548047065734863,4.620090961456299
P22,0.19148936867713928,0.1894472986459732,0.5914893746376038,0.4000000059604645,0.2385481894016266,-0.10705944895744324,31.16666603088379,0.11809232085943222,0.25685784220695496,0,-15.237470626831055,114.01753997802734,0,-22.323802947998047,-18.18386459350586,-17.901756286621094,-16.64869499206543,8.255743980407715
P23,0.2183588594198227,0.2985736131668091,0.5904436707496643,0.3720847964286804,0.028090715408325195,0.02114553190767765,19.60416603088379,0.032203685492277145,0.3479072153568268,0,-14.615230560302734,291.547607421875,1,-20.958194732666016,-16.59820556640625,-14.928323745727539,-13.945016860961914,8.678157806396484
P24,0.11461162567138672,0.22161678969860077,0.2905098795890808,0.1758982539176941,0.12377844750881195,-0.22193856537342072,149.2708282470703,0.20788182318210602,0.13321365416049957,0,-17.39365577697754,0.0,0,-21.21697235107422,-20.492937088012695,-19.034650802612305,-17.523414611816406,10.411519050598145
P25,0.20152395963668823,0.27854034304618835,0.658761203289032,0.45723724365234375,0.06006985902786255,-0.056187704205513,8.458333015441895,0.013720506802201271,0.4753018617630005,0,-14.42025375366211,400.2499084472656,1,-22.36551284790039,-18.4539852142334,-16.451627731323242,-13.404653549194336,10.219490051269531
P26,0.22375212609767914,0.201446533203125,0.6154340505599976,0.3916819095611572,0.20953279733657837,-0.12055489420890808,14.708333015441895,0.027019046247005463,0.2572178542613983,0,-15.607423782348633,283.196044921875,0,-17.742069244384766,-16.90251350402832,-16.864538192749023,-15.76999282836914,9.034758567810059
P27,0.15440289676189423,0.21721309423446655,0.7516483664512634,0.597245454788208,0.16354334354400635,0.00524294376373291,8.0,0.012875501066446304,0.19823791086673737,0,-16.72545051574707,291.547607421875,0,-17.2917423248291,-17.12980079650879,-14.723546028137207,-13.548421859741211,10.195695877075195
P28,0.3170478045940399,0.18253082036972046,0.6506262421607971,0.3335784375667572,0.06668466329574585,-0.03185760974884033,0.5625,0.011939175426959991,0.35168376564979553,0,-14.408171653747559,1204.159423828125,0,-19.235048294067383,-17.667802810668945,-17.97589874267578,-17.223331451416016,4.71425199508667
P29,0.25361618399620056,0.22754019498825073,0.5953410863876343,0.3417249023914337,0.12719020247459412,0.03837987035512924,2.2708332538604736,0.017782650887966156,0.38312429189682007,0,-14.755607604980469,2500.0,0,-16.0568904876709,-16.182926177978516,-16.52562713623047,-15.642715454101562,5.5481109619140625
P30,0.2695121765136719,0.25015008449554443,0.7712075114250183,0.5016953349113464,0.3476185202598572,0.05364936590194702,4.229166507720947,0.015563024207949638,0.40847739577293396,0,-15.457221031188965,1574.579345703125,0,-17.927860260009766,-13.370821952819824,-17.88296127319336,-13.815078735351562,10.172451972961426
