id,lat,lon,google_maps,eo_browser
P01,9.111294,28.611514,"https://www.google.com/maps/@9.111294,28.611514,300m/data=!3m1!1e3",https://apps.sentinel-hub.com/eo-browser/?zoom=16&lat=9.111294&lng=28.611514&fromTime=2022-05-01&toTime=2022-11-30
P02,9.149362,28.320919,"https://www.google.com/maps/@9.149362,28.320919,300m/data=!3m1!1e3",https://apps.sentinel-hub.com/eo-browser/?zoom=16&lat=9.149362&lng=28.320919&fromTime=2022-05-01&toTime=2022-11-30
P03,9.013854,28.545093,"https://www.google.com/maps/@9.013854,28.545093,300m/data=!3m1!1e3",https://apps.sentinel-hub.com/eo-browser/?zoom=16&lat=9.013854&lng=28.545093&fromTime=2022-05-01&toTime=2022-11-30
P04,8.964092,28.600399,"https://www.google.com/maps/@8.964092,28.600399,300m/data=!3m1!1e3",https://apps.sentinel-hub.com/eo-browser/?zoom=16&lat=8.964092&lng=28.600399&fromTime=2022-05-01&toTime=2022-11-30
P05,9.113347,28.330899,"https://www.google.com/maps/@9.113347,28.330899,300m/data=!3m1!1e3",https://apps.sentinel-hub.com/eo-browser/?zoom=16&lat=9.113347&lng=28.330899&fromTime=2022-05-01&toTime=2022-11-30
P06,9.308744,28.744037,"https://www.google.com/maps/@9.308744,28.744037,300m/data=!3m1!1e3",https://apps.sentinel-hub.com/eo-browser/?zoom=16&lat=9.308744&lng=28.744037&fromTime=2022-05-01&toTime=2022-11-30
P07,9.109536,28.498693,"https://www.google.com/maps/@9.109536,28.498693,300m/data=!3m1!1e3",https://apps.sentinel-hub.com/eo-browser/?zoom=16&lat=9.109536&lng=28.498693&fromTime=2022-05-01&toTime=2022-11-30
P08,9.115241,28.324853,"https://www.google.com/maps/@9.115241,28.324853,300m/data=!3m1!1e3",https://apps.sentinel-hub.com/eo-browser/?zoom=16&lat=9.115241&lng=28.324853&fromTime=2022-05-01&toTime=2022-11-30
P09,9.328105,28.421265,"https://www.google.com/maps/@9.328105,28.421265,300m/data=!3m1!1e3",https://apps.sentinel-hub.com/eo-browser/?zoom=16&lat=9.328105&lng=28.421265&fromTime=2022-05-01&toTime=2022-11-30
P10,9.052355,27.995649,"https://www.google.com/maps/@9.052355,27.995649,300m/data=!3m1!1e3",https://apps.sentinel-hub.com/eo-browser/?zoom=16&lat=9.052355&lng=27.995649&fromTime=2022-05-01&toTime=2022-11-30
P11,9.226304,28.658063,"https://www.google.com/maps/@9.226304,28.658063,300m/data=!3m1!1e3",https://apps.sentinel-hub.com/eo-browser/?zoom=16&lat=9.226304&lng=28.658063&fromTime=2022-05-01&toTime=2022-11-30
P12,8.821004,28.488112,"https://www.google.com/maps/@8.821004,28.488112,300m/data=!3m1!1e3",https://apps.sentinel-hub.com/eo-browser/?zoom=16&lat=8.821004&lng=28.488112&fromTime=2022-05-01&toTime=2022-11-30
P13,9.054877,28.597752,"https://www.google.com/maps/@9.054877,28.597752,300m/data=!3m1!1e3",https://apps.sentinel-hub.com/eo-browser/?zoom=16&lat=9.054877&lng=28.597752&fromTime=2022-05-01&toTime=2022-11-30
P14,9.057221,28.247765,"https://www.google.com/maps/@9.057221,28.247765,300m/data=!3m1!1e3",https://apps.sentinel-hub.com/eo-browser/?zoom=16&lat=9.057221&lng=28.247765&fromTime=2022-05-01&toTime=2022-11-30
P15,9.316101,28.782137,"https://www.google.com/maps/@9.316101,28.782137,300m/data=!3m1!1e3",https://apps.sentinel-hub.com/eo-browser/?zoom=16&lat=9.316101&lng=28.782137&fromTime=2022-05-01&toTime=2022-11-30
P16,9.104132,28.714859,"https://www.google.com/maps/@9.104132,28.714859,300m/data=!3m1!1e3",https://apps.sentinel-hub.com/eo-browser/?zoom=16&lat=9.104132&lng=28.714859&fromTime=2022-05-01&toTime=2022-11-30
P17,9.047252,28.615353,"https://www.google.com/maps/@9.047252,28.615353,300m/data=!3m1!1e3",https://apps.sentinel-hub.com/eo-browser/?zoom=16&lat=9.047252&lng=28.615353&fromTime=2022-05-01&toTime=2022-11-30
P18,8.965081,28.345065,"https://www.google.com/maps/@8.965081,28.345065,300m/data=!3m1!1e3",https://apps.sentinel-hub.com/eo-browser/?zoom=16&lat=8.965081&lng=28.345065&fromTime=2022-05-01&toTime=2022-11-30
P19,9.074571,27.978292,"https://www.google.com/maps/@9.074571,27.978292,300m/data=!3m1!1e3",https://apps.sentinel-hub.com/eo-browser/?zoom=16&lat=9.074571&lng=27.978292&fromTime=2022-05-01&toTime=2022-11-30
P20,9.251523,28.586195,"https://www.google.com/maps/@9.251523,28.586195,300m/data=!3m1!1e3",https://apps.sentinel-hub.com/eo-browser/?zoom=16&lat=9.251523&lng=28.586195&fromTime=2022-05-01&toTime=2022-11-30
P21,9.291977,28.779372,"https://www.google.com/maps/@9.291977,28.779372,300m/data=!3m1!1e3",https://apps.sentinel-hub.com/eo-browser/?zoom=16&lat=9.291977&lng=28.779372&fromTime=2022-05-01&toTime=2022-11-30
P22,9.093888,28.261583,"https://www.google.com/maps/@9.093888,28.261583,300m/data=!3m1!1e3",https://apps.sentinel-hub.com/eo-browser/?zoom=16&lat=9.093888&lng=28.261583&fromTime=2022-05-01&toTime=2022-11-30
P23,9.162328,28.104622,"https://www.google.com/maps/@9.162328,28.104622,300m/data=!3m1!1e3",https://apps.sentinel-hub.com/eo-browser/?zoom=16&lat=9.162328&lng=28.104622&fromTime=2022-05-01&toTime=2022-11-30
P24,9.154907,28.352857,"https://www.google.com/maps/@9.154907,28.352857,300m/data=!3m1!1e3",https://apps.sentinel-hub.com/eo-browser/?zoom=16&lat=9.154907&lng=28.352857&fromTime=2022-05-01&toTime=2022-11-30
P25,9.19403,28.13709,"https://www.google.com/maps/@9.19403,28.13709,300m/data=!3m1!1e3",https://apps.sentinel-hub.com/eo-browser/?zoom=16&lat=9.19403&lng=28.13709&fromTime=2022-05-01&toTime=2022-11-30
P26,9.218147,28.521197,"https://www.google.com/maps/@9.218147,28.521197,300m/data=!3m1!1e3",https://apps.sentinel-hub.com/eo-browser/?zoom=16&lat=9.218147&lng=28.521197&fromTime=2022-05-01&toTime=2022-11-30
P27,9.303471,28.66244,"https://www.google.com/maps/@9.303471,28.66244,300m/data=!3m1!1e3",https://apps.sentinel-hub.com/eo-browser/?zoom=16&lat=9.303471&lng=28.66244&fromTime=2022-05-01&toTime=2022-11-30
P28,8.906397,28.547606,"https://www.google.com/maps/@8.906397,28.547606,300m/data=!3m1!1e3",https://apps.sentinel-hub.com/eo-browser/?zoom=16&lat=8.906397&lng=28.547606&fromTime=2022-05-01&toTime=2022-11-30
P29,9.094361,28.662077,"https://www.google.com/maps/@9.094361,28.662077,300m/data=!3m1!1e3",https://apps.sentinel-hub.com/eo-browser/?zoom=16&lat=9.094361&lng=28.662077&fromTime=2022-05-01&toTime=2022-11-30
P30,9.253548,28.276343,"https://www.google.com/maps/@9.253548,28.276343,300m/data=!3m1!1e3",https://apps.sentinel-hub.com/eo-browser/?zoom=16&lat=9.253548&lng=28.276343&fromTime=2022-05-01&toTime=2022-11-30
