id,lat,lon,label,confidence,bare_soil_apr_jun,green_up_month,early_harvest_drop,regular_plots,homesteads_300m,burn_scar,standing_water,imagery_used,imagery_date,minutes,notes
P01,9.111294,28.611514,,,,,,,,,,,,,
P02,9.149362,28.320919,,,,,,,,,,,,,
P03,9.013854,28.545093,,,,,,,,,,,,,
P04,8.964092,28.600399,,,,,,,,,,,,,
P05,9.113347,28.330899,,,,,,,,,,,,,
P06,9.308744,28.744037,,,,,,,,,,,,,
P07,9.109536,28.498693,,,,,,,,,,,,,
P08,9.115241,28.324853,,,,,,,,,,,,,
P09,9.328105,28.421265,,,,,,,,,,,,,
P10,9.052355,27.995649,,,,,,,,,,,,,
P11,9.226304,28.658063,,,,,,,,,,,,,
P12,8.821004,28.488112,,,,,,,,,,,,,
P13,9.054877,28.597752,,,,,,,,,,,,,
P14,9.057221,28.247765,,,,,,,,,,,,,
P15,9.316101,28.782137,,,,,,,,,,,,,
P16,9.104132,28.714859,,,,,,,,,,,,,
P17,9.047252,28.615353,,,,,,,,,,,,,
P18,8.965081,28.345065,,,,,,,,,,,,,
P19,9.074571,27.978292,,,,,,,,,,,,,
P20,9.251523,28.586195,,,,,,,,,,,,,
P21,9.291977,28.779372,,,,,,,,,,,,,
P22,9.093888,28.261583,,,,,,,,,,,,,
P23,9.162328,28.104622,,,,,,,,,,,,,
P24,9.154907,28.352857,,,,,,,,,,,,,
P25,9.19403,28.13709,,,,,,,,,,,,,
P26,9.218147,28.521197,,,,,,,,,,,,,
P27,9.303471,28.66244,,,,,,,,,,,,,
P28,8.906397,28.547606,,,,,,,,,,,,,
P29,9.094361,28.662077,,,,,,,,,,,,,
P30,9.253548,28.276343,,,,,,,,,,,,,
