id,area,stratum,lon,lat,split,labeller_1,labeller_2
S001,bor_south,A,31.898143,6.27307,calibration,Matteo,Marc
S002,aweil,B,27.881326,8.86453,test,Matteo,Yassin
S003,aweil,B,27.382581,9.127018,calibration,Matteo,Wei
S004,aweil,B,27.656837,8.927323,test,Matteo,Matei
S005,aweil,B,27.829852,8.802457,test,Marc,Yassin
S006,bor_south,A,32.20357,6.317357,calibration,Marc,Wei
S007,bor_south,A,31.71318,6.802987,test,Marc,Matei
S008,aweil,B,27.114165,9.303806,calibration,Yassin,Wei
S009,aweil,A,27.590092,9.419869,test,Yassin,Matei
S010,aweil,B,27.744243,8.592431,calibration,Wei,Matei
S011,aweil,B,27.288258,8.77389,test,Matteo,Marc
S012,aweil,A,26.968458,9.048505,test,Matteo,Yassin
S013,aweil,A,27.26077,8.31009,calibration,Matteo,Wei
S014,aweil,C,27.439984,9.258531,test,Matteo,Matei
S015,bor_south,B,32.381796,6.979416,calibration,Marc,Yassin
S016,bor_south,B,32.295468,6.478066,test,Marc,Wei
S017,aweil,C,27.453638,9.255118,calibration,Marc,Matei
S018,aweil,A,26.380241,9.325007,test,Yassin,Wei
S019,aweil,B,27.514364,8.923011,test,Yassin,Matei
S020,aweil,B,27.36731,8.937114,calibration,Wei,Matei
S021,aweil,C,27.482294,9.128815,test,Matteo,Marc
S022,aweil,A,26.277833,8.492179,calibration,Matteo,Yassin
S023,bor_south,A,32.226746,7.035471,calibration,Matteo,Wei
S024,aweil,A,26.710282,8.469092,test,Matteo,Matei
S025,aweil,C,27.555237,8.949421,test,Marc,Yassin
S026,aweil,C,27.487684,9.490476,calibration,Marc,Wei
S027,aweil,A,27.549488,9.042037,test,Marc,Matei
S028,aweil,A,26.719175,8.860847,test,Yassin,Wei
S029,bor_south,A,32.317117,5.915721,test,Yassin,Matei
S030,aweil,C,27.66025,9.234636,test,Wei,Matei
S031,aweil,C,27.709658,8.841354,test,Matteo,Marc
S032,aweil,A,27.509334,8.355096,test,Matteo,Yassin
S033,aweil,B,27.259153,8.915914,test,Matteo,Wei
S034,aweil,C,27.415819,9.255208,test,Matteo,Matei
S035,bor_south,A,31.357806,6.592601,test,Marc,Yassin
S036,aweil,A,27.175609,8.516433,test,Marc,Wei
S037,bor_south,A,31.557681,6.526575,test,Marc,Matei
S038,aweil,A,26.809366,8.786826,test,Yassin,Wei
S039,aweil,C,27.144707,9.388518,calibration,Yassin,Matei
S040,bor_south,A,31.514382,6.632307,test,Wei,Matei
S041,aweil,C,27.594853,9.517067,calibration,Matteo,Marc
S042,aweil,A,27.618928,9.24308,calibration,Matteo,Yassin
S043,bor_south,A,31.842537,5.957492,test,Matteo,Wei
S044,bor_south,A,31.467041,6.47609,test,Matteo,Matei
S045,aweil,A,26.174437,9.446459,calibration,Marc,Yassin
S046,aweil,A,26.720703,9.071502,calibration,Marc,Wei
S047,aweil,A,26.724655,9.190978,test,Marc,Matei
S048,aweil,A,26.745047,8.902799,test,Yassin,Wei
S049,aweil,A,27.547692,9.371899,test,Yassin,Matei
S050,bor_south,B,32.258098,6.713874,test,Wei,Matei
S051,aweil,B,27.668964,8.544371,test,Matteo,Marc
S052,aweil,B,27.349254,9.089019,calibration,Matteo,Yassin
S053,aweil,C,27.887075,8.718105,test,Matteo,Wei
S054,aweil,B,27.895789,9.38699,test,Matteo,Matei
S055,aweil,C,27.530624,9.264191,test,Marc,Yassin
S056,aweil,C,27.329311,8.764548,calibration,Marc,Wei
S057,aweil,A,26.360658,8.974394,calibration,Marc,Matei
S058,aweil,A,26.928932,8.153065,test,Yassin,Wei
S059,aweil,A,26.978519,9.0565,calibration,Yassin,Matei
S060,aweil,A,27.787632,9.181546,test,Wei,Matei
S061,aweil,C,27.885278,8.718734,test,Matteo,Marc
S062,aweil,B,27.870097,9.097643,calibration,Matteo,Yassin
S063,aweil,A,26.43953,9.276318,test,Matteo,Wei
S064,bor_south,A,31.778218,6.020734,calibration,Matteo,Matei
S065,aweil,A,27.873151,9.291949,test,Marc,Yassin
S066,aweil,A,27.051911,8.046704,test,Marc,Wei
S067,aweil,B,27.268316,9.085785,test,Marc,Matei
S068,aweil,C,27.51634,8.994247,calibration,Yassin,Wei
S069,aweil,C,27.536373,9.523175,calibration,Yassin,Matei
S070,aweil,C,27.470526,9.426157,calibration,Wei,Matei
S071,aweil,B,27.280622,8.895253,calibration,Matteo,Marc
S072,bor_south,B,31.944226,6.677402,calibration,Matteo,Yassin
S073,aweil,C,27.334971,8.939809,test,Matteo,Wei
S074,aweil,A,26.509868,9.405316,test,Matteo,Matei
S075,bor_south,B,31.933536,6.85976,calibration,Marc,Yassin
S076,aweil,A,26.24774,9.726823,test,Marc,Wei
S077,aweil,A,26.999629,8.006639,test,Marc,Matei
S078,aweil,C,27.305506,8.98733,calibration,Yassin,Wei
S079,bor_south,B,32.072865,6.866318,calibration,Yassin,Matei
S080,aweil,B,27.587307,8.847552,test,Wei,Matei
S081,aweil,C,27.425431,8.614619,test,Matteo,Marc
S082,aweil,A,26.893988,8.365516,test,Matteo,Yassin
S083,aweil,C,27.876385,8.788263,test,Matteo,Wei
S084,bor_south,B,32.293851,6.932254,test,Matteo,Matei
S085,aweil,C,27.179562,9.376211,calibration,Marc,Yassin
S086,aweil,A,26.548046,9.402711,test,Marc,Wei
S087,bor_south,B,32.182998,6.285108,test,Marc,Matei
S088,aweil,B,27.28736,8.721878,calibration,Yassin,Wei
S089,aweil,C,27.868839,8.763919,test,Yassin,Matei
S090,bor_south,B,31.960576,6.794722,calibration,Wei,Matei
S091,bor_south,B,31.961474,6.341612,test,Matteo,Marc
S092,aweil,C,27.365783,8.952475,calibration,Matteo,Yassin
S093,bor_south,B,32.255762,6.798315,test,Matteo,Wei
S094,aweil,C,27.849166,8.892827,calibration,Matteo,Matei
S095,aweil,C,27.442409,9.260328,calibration,Marc,Yassin
S096,bor_south,A,32.109247,6.934141,test,Marc,Wei
S097,aweil,A,27.024962,8.319073,test,Marc,Matei
S098,bor_south,B,31.900209,6.647937,test,Yassin,Wei
S099,aweil,A,27.195732,9.287816,test,Yassin,Matei
S100,aweil,B,27.648123,8.982749,calibration,Wei,Matei
S101,bor_south,B,31.553459,6.252319,calibration,Matteo,Marc
S102,bor_south,B,32.066217,6.486061,test,Matteo,Yassin
S103,bor_south,A,32.456625,6.49702,calibration,Matteo,Wei
S104,aweil,A,27.470706,8.960111,calibration,Matteo,Matei
S105,aweil,B,27.885817,8.740653,test,Marc,Yassin
S106,aweil,A,26.24226,8.722237,test,Marc,Wei
S107,aweil,A,27.653693,9.309196,calibration,Marc,Matei
S108,bor_south,B,32.11805,7.020199,calibration,Yassin,Wei
S109,bor_south,B,32.3579,6.722408,test,Yassin,Matei
S110,aweil,A,27.880068,8.741731,test,Wei,Matei
S111,bor_south,B,32.290437,6.237048,test,Matteo,Marc
S112,bor_south,B,31.917097,6.339007,test,Matteo,Yassin
S113,bor_south,A,32.065858,7.028464,calibration,Matteo,Wei
S114,aweil,B,27.822307,8.881419,test,Matteo,Matei
S115,bor_south,B,31.651825,6.010493,test,Marc,Yassin
S116,bor_south,A,32.32098,6.906832,test,Marc,Wei
S117,aweil,B,27.630247,9.394536,test,Marc,Matei
S118,bor_south,B,32.244533,6.715041,test,Yassin,Wei
S119,aweil,A,27.908455,9.316832,test,Yassin,Matei
S120,aweil,A,27.161147,9.069616,test,Wei,Matei
S121,aweil,B,27.245049,8.939899,test,Matteo,Marc
S122,aweil,C,27.732655,8.873154,test,Matteo,Yassin
S123,aweil,B,27.775055,9.581476,test,Matteo,Wei
S124,bor_south,A,31.677786,6.615149,calibration,Matteo,Matei
S125,bor_south,A,32.373172,6.489385,calibration,Marc,Yassin
S126,aweil,B,27.370274,8.714062,test,Marc,Wei
S127,bor_south,A,31.669971,6.063853,test,Marc,Matei
S128,bor_south,A,32.337958,6.661861,test,Yassin,Wei
S129,aweil,C,27.486426,9.247752,test,Yassin,Matei
S130,bor_south,B,32.036663,6.079304,test,Wei,Matei
S131,aweil,C,27.714688,8.949241,test,Matteo,Marc
S132,aweil,B,27.353206,8.689089,test,Matteo,Yassin
S133,aweil,B,27.415819,9.339829,calibration,Matteo,Wei
S134,bor_south,B,31.777409,6.501422,test,Matteo,Matei
S135,bor_south,A,32.223962,6.903149,test,Marc,Yassin
S136,aweil,A,27.349164,8.648575,calibration,Marc,Wei
S137,bor_south,A,32.407218,6.541128,calibration,Marc,Matei
S138,aweil,C,27.382402,9.251165,test,Yassin,Wei
S139,bor_south,B,32.367692,6.879703,test,Yassin,Matei
S140,bor_south,B,31.790165,6.815293,test,Wei,Matei
S141,aweil,C,27.492984,9.491554,test,Matteo,Marc
S142,aweil,A,27.482204,9.411694,test,Matteo,Yassin
S143,aweil,A,27.773169,8.64067,test,Matteo,Wei
S144,aweil,B,27.143001,9.386451,calibration,Matteo,Matei
S145,aweil,A,26.324456,8.276673,calibration,Marc,Yassin
S146,aweil,C,27.493703,9.496046,test,Marc,Wei
S147,aweil,B,26.454352,9.344859,test,Marc,Matei
S148,aweil,B,26.788974,9.095667,calibration,Yassin,Wei
S149,aweil,B,27.580929,9.448884,test,Yassin,Matei
S150,aweil,A,27.784128,9.374324,test,Wei,Matei
S151,bor_south,A,32.351792,5.940873,test,Matteo,Marc
S152,aweil,A,27.026489,8.057843,test,Matteo,Yassin
S153,aweil,B,27.63411,9.138157,test,Matteo,Wei
S154,aweil,A,27.045264,8.954721,calibration,Matteo,Matei
S155,aweil,C,27.23939,9.090007,test,Marc,Yassin
S156,bor_south,B,31.903802,6.334335,test,Marc,Wei
S157,bor_south,A,32.284778,6.282413,test,Marc,Matei
S158,bor_south,A,32.213631,7.036998,test,Yassin,Wei
S159,aweil,B,27.35635,9.013561,test,Yassin,Matei
S160,aweil,C,27.880787,8.710918,calibration,Wei,Matei
S161,aweil,B,27.747567,9.126749,calibration,Matteo,Marc
S162,aweil,A,26.655844,8.485172,test,Matteo,Yassin
S163,aweil,B,27.125214,9.49407,test,Matteo,Wei
S164,bor_south,A,32.297713,6.413567,test,Matteo,Matei
S165,aweil,A,26.652431,9.364533,calibration,Marc,Yassin
S166,aweil,B,27.215674,8.74757,calibration,Marc,Wei
S167,aweil,A,26.904767,9.374324,test,Marc,Matei
S168,aweil,A,27.821318,9.364533,test,Yassin,Wei
S169,aweil,B,27.683697,8.971071,test,Yassin,Matei
S170,aweil,A,26.539692,9.064046,calibration,Wei,Matei
S171,bor_south,A,31.972972,7.000436,calibration,Matteo,Marc
S172,aweil,C,27.366951,8.940258,calibration,Matteo,Yassin
S173,bor_south,A,31.986806,5.988394,test,Matteo,Wei
S174,bor_south,B,32.285856,6.589996,test,Matteo,Matei
S175,aweil,C,27.522898,8.860757,test,Marc,Yassin
S176,bor_south,B,31.794836,6.451027,calibration,Marc,Wei
S177,aweil,C,27.807664,8.878185,calibration,Marc,Matei
S178,aweil,B,27.299757,8.882946,test,Yassin,Wei
S179,aweil,B,27.80425,9.426876,test,Yassin,Matei
S180,aweil,A,26.856887,8.841444,test,Wei,Matei
S181,aweil,C,27.376024,8.871358,test,Matteo,Marc
S182,aweil,C,27.566646,8.852942,test,Matteo,Yassin
S183,aweil,A,26.808198,8.318894,calibration,Matteo,Wei
S184,bor_south,A,32.035765,5.91087,test,Matteo,Matei
S185,aweil,A,26.315383,9.489309,calibration,Marc,Yassin
S186,aweil,A,27.446451,9.420498,test,Marc,Wei
S187,aweil,B,27.403422,9.373336,test,Marc,Matei
S188,aweil,A,27.294726,8.415912,test,Yassin,Wei
S189,aweil,A,27.48445,8.753948,test,Yassin,Matei
S190,aweil,A,27.608867,8.645341,test,Wei,Matei
S191,bor_south,A,31.977464,6.292384,calibration,Matteo,Marc
S192,aweil,C,27.515083,8.926245,test,Matteo,Yassin
S193,aweil,A,26.79131,7.982115,test,Matteo,Wei
S194,aweil,B,27.454626,9.380523,test,Matteo,Matei
S195,aweil,A,27.660879,8.361833,calibration,Marc,Yassin
S196,aweil,C,27.506459,8.993439,test,Marc,Wei
S197,aweil,A,26.456867,8.562427,test,Marc,Matei
S198,aweil,A,26.701568,8.389052,test,Yassin,Wei
S199,aweil,A,28.020924,9.343243,test,Yassin,Matei
S200,bor_south,A,32.379011,6.928032,calibration,Wei,Matei
S201,bor_south,A,31.862929,6.719264,test,Matteo,Marc
S202,aweil,C,27.501878,8.856356,calibration,Matteo,Yassin
S203,aweil,A,26.904588,9.494878,calibration,Matteo,Wei
S204,aweil,A,26.891113,8.053531,calibration,Matteo,Matei
S205,aweil,B,27.526042,9.250626,test,Marc,Yassin
S206,bor_south,B,31.913953,6.998011,test,Marc,Wei
S207,aweil,B,27.801196,8.795989,test,Marc,Matei
S208,aweil,A,27.629708,9.305154,calibration,Yassin,Wei
S209,aweil,A,27.563861,8.314043,test,Yassin,Matei
S210,aweil,C,27.397942,8.922472,test,Wei,Matei
S211,bor_south,B,31.840291,6.611286,test,Matteo,Marc
S212,aweil,B,27.403063,9.20607,test,Matteo,Yassin
S213,bor_south,B,32.090292,6.695099,test,Matteo,Wei
S214,aweil,C,27.361381,8.905314,calibration,Matteo,Matei
S215,aweil,B,27.699507,9.105189,test,Marc,Yassin
S216,aweil,A,26.391021,9.538985,calibration,Marc,Wei
S217,bor_south,A,31.347835,6.681983,test,Marc,Matei
S218,aweil,B,27.616323,9.12594,calibration,Yassin,Wei
S219,bor_south,B,32.181022,7.093502,test,Yassin,Matei
S220,aweil,C,27.117219,9.301561,calibration,Wei,Matei
S221,aweil,C,27.752058,8.836593,calibration,Matteo,Marc
S222,aweil,A,26.951839,9.517336,test,Matteo,Yassin
S223,aweil,A,27.749453,9.386451,test,Matteo,Wei
S224,aweil,C,27.798142,8.874142,test,Matteo,Matei
S225,aweil,B,26.524151,9.051649,test,Marc,Yassin
S226,bor_south,B,31.748394,6.601315,test,Marc,Wei
S227,aweil,A,26.938274,8.985264,test,Marc,Matei
S228,aweil,B,27.334701,8.720261,calibration,Yassin,Wei
S229,aweil,B,27.273885,9.081024,test,Yassin,Matei
S230,bor_south,B,31.762767,6.809095,calibration,Wei,Matei
S231,aweil,C,27.878451,9.060543,calibration,Matteo,Marc
S232,bor_south,B,31.801484,6.671114,test,Matteo,Yassin
S233,aweil,C,27.136084,9.409269,calibration,Matteo,Wei
S234,aweil,A,27.097815,8.989666,test,Matteo,Matei
S235,bor_south,B,31.784955,6.715491,test,Marc,Yassin
S236,aweil,B,27.463789,9.360939,test,Marc,Wei
S237,bor_south,A,32.238514,6.506183,test,Marc,Matei
S238,aweil,A,27.672378,8.57662,test,Yassin,Wei
S239,aweil,A,27.629977,9.464246,test,Yassin,Matei
S240,bor_south,B,31.775343,6.588559,calibration,Wei,Matei
S241,aweil,A,27.871534,9.414838,test,Matteo,Marc
S242,bor_south,A,31.729709,5.97474,test,Matteo,Yassin
S243,aweil,B,27.20741,9.363724,calibration,Matteo,Wei
S244,bor_south,A,32.082028,6.696446,test,Matteo,Matei
S245,aweil,A,27.25547,8.291854,test,Marc,Yassin
S246,aweil,C,27.335779,8.745144,test,Marc,Wei
S247,bor_south,A,31.406405,6.671563,test,Marc,Matei
S248,aweil,A,27.742267,9.130971,test,Yassin,Wei
S249,aweil,A,26.714235,8.870459,test,Yassin,Matei
S250,aweil,B,26.806851,8.604288,calibration,Wei,Matei
S251,aweil,B,27.282958,8.934599,test,Matteo,Marc
S252,aweil,C,27.347008,8.96074,test,Matteo,Yassin
S253,bor_south,A,32.468483,6.586313,test,Matteo,Wei
S254,aweil,C,27.800747,9.012752,test,Matteo,Matei
S255,aweil,C,27.376563,8.94457,calibration,Marc,Yassin
S256,aweil,B,27.558292,9.16331,test,Marc,Wei
S257,bor_south,B,32.308673,6.66276,calibration,Marc,Matei
S258,bor_south,B,31.925092,6.298313,calibration,Yassin,Wei
S259,aweil,B,27.53242,9.517246,calibration,Yassin,Matei
S260,bor_south,B,31.722073,6.520736,test,Wei,Matei
S261,aweil,A,27.789698,9.424091,test,Matteo,Marc
S262,bor_south,B,32.400031,6.538253,test,Matteo,Yassin
S263,bor_south,A,32.00621,6.704172,calibration,Matteo,Wei
S264,aweil,B,27.620275,9.358604,test,Matteo,Matei
S265,aweil,C,26.856438,8.970891,calibration,Marc,Yassin
S266,aweil,C,27.422916,9.251704,calibration,Marc,Wei
S267,bor_south,B,32.09685,6.596644,test,Marc,Matei
S268,bor_south,A,31.934075,5.944556,calibration,Yassin,Wei
S269,bor_south,B,31.7607,6.738488,calibration,Yassin,Matei
S270,aweil,A,26.858324,8.709301,test,Wei,Matei
S271,bor_south,A,32.406409,5.898203,calibration,Matteo,Marc
S272,bor_south,B,31.789087,6.407728,test,Matteo,Yassin
S273,aweil,C,27.525413,8.978077,calibration,Matteo,Wei
S274,aweil,B,27.497925,9.507544,test,Matteo,Matei
S275,aweil,A,26.760408,9.236253,calibration,Marc,Yassin
S276,bor_south,A,32.40614,6.307206,test,Marc,Wei
S277,aweil,C,27.585331,8.580393,test,Marc,Matei
S278,aweil,C,27.563143,8.954901,test,Yassin,Wei
S279,aweil,C,27.453189,9.018412,test,Yassin,Matei
S280,aweil,B,27.610933,8.988138,calibration,Wei,Matei
S281,aweil,B,27.375934,9.224216,test,Matteo,Marc
S282,aweil,B,27.535834,8.945738,test,Matteo,Yassin
S283,aweil,C,27.608867,9.540602,test,Matteo,Wei
S284,aweil,B,26.278642,8.828508,calibration,Matteo,Matei
S285,aweil,A,27.361471,9.418611,test,Marc,Yassin
S286,aweil,A,26.468366,8.621895,calibration,Marc,Wei
S287,aweil,B,27.216213,8.931724,calibration,Marc,Matei
S288,aweil,A,27.032328,9.478169,calibration,Yassin,Wei
S289,bor_south,A,32.188658,7.061881,test,Yassin,Matei
S290,aweil,B,26.917344,8.885192,test,Wei,Matei
S291,bor_south,B,32.307774,6.865599,calibration,Matteo,Marc
S292,bor_south,A,32.238874,6.88644,test,Matteo,Yassin
S293,aweil,A,26.244146,9.363724,test,Matteo,Wei
S294,aweil,A,26.611288,8.779819,calibration,Matteo,Matei
S295,bor_south,A,31.949975,6.883026,test,Marc,Yassin
S296,aweil,A,27.949688,9.439811,test,Marc,Wei
S297,bor_south,A,31.937848,6.437821,test,Marc,Matei
S298,aweil,A,27.128358,8.468283,calibration,Yassin,Wei
S299,aweil,A,26.441237,9.246763,test,Yassin,Matei
S300,aweil,A,27.647135,8.56054,calibration,Wei,Matei
S301,aweil,A,27.003313,9.396782,test,Matteo,Marc
S302,aweil,C,27.599524,9.495327,calibration,Matteo,Yassin
S303,aweil,C,27.217561,8.996493,test,Matteo,Wei
S304,aweil,A,26.437374,8.473494,calibration,Matteo,Matei
S305,aweil,B,27.284126,9.227629,calibration,Marc,Yassin
S306,aweil,A,27.051552,8.65657,test,Marc,Wei
S307,aweil,A,26.56188,8.462714,test,Marc,Matei
S308,aweil,B,27.391744,9.138157,test,Yassin,Wei
S309,aweil,A,27.897855,9.140493,test,Yassin,Matei
S310,aweil,A,27.075268,9.062429,test,Wei,Matei
S311,aweil,C,27.502596,9.005296,test,Matteo,Marc
S312,aweil,C,27.412765,8.8701,test,Matteo,Yassin
S313,aweil,A,26.99909,9.312879,test,Matteo,Wei
S314,bor_south,A,32.50738,5.966296,test,Matteo,Matei
S315,aweil,A,27.051372,8.277212,calibration,Marc,Yassin
S316,bor_south,B,32.111762,6.586582,calibration,Marc,Wei
S317,aweil,B,27.322933,8.963165,test,Marc,Matei
S318,aweil,A,27.05245,9.354292,test,Yassin,Wei
S319,bor_south,A,32.420423,5.878979,test,Yassin,Matei
S320,bor_south,B,31.778487,6.443211,test,Wei,Matei
S321,aweil,A,26.745137,7.999183,calibration,Matteo,Marc
S322,aweil,B,27.34566,9.428852,test,Matteo,Yassin
S323,bor_south,B,32.152096,6.117572,calibration,Matteo,Wei
S324,aweil,C,27.336049,8.912051,calibration,Matteo,Matei
S325,bor_south,B,31.976296,6.812778,test,Marc,Yassin
S326,aweil,C,27.40441,8.860398,test,Marc,Wei
S327,aweil,A,26.336852,8.428937,calibration,Marc,Matei
S328,aweil,B,27.779996,8.755116,test,Yassin,Wei
S329,aweil,A,26.723847,9.153608,calibration,Yassin,Matei
S330,aweil,B,27.394259,9.017783,test,Wei,Matei
S331,bor_south,A,32.493816,7.056761,calibration,Matteo,Marc
S332,bor_south,A,32.054629,6.472407,test,Matteo,Yassin
S333,aweil,B,27.315208,8.744875,test,Matteo,Wei
S334,aweil,A,26.694112,8.601144,calibration,Matteo,Matei
S335,aweil,A,27.286821,9.41367,test,Marc,Yassin
S336,bor_south,A,31.741656,6.553614,test,Marc,Wei
S337,bor_south,A,31.797891,6.31601,test,Marc,Matei
S338,bor_south,A,32.194227,7.049035,calibration,Yassin,Wei
S339,aweil,C,27.879709,9.078419,test,Yassin,Matei
S340,aweil,A,26.617935,9.495417,test,Wei,Matei
S341,bor_south,B,32.11284,6.562508,test,Matteo,Marc
S342,aweil,A,26.945371,9.14741,test,Matteo,Yassin
S343,aweil,B,26.830117,9.477451,calibration,Matteo,Wei
S344,bor_south,A,32.387006,6.776666,calibration,Matteo,Matei
S345,aweil,A,26.230133,9.577254,test,Marc,Yassin
S346,aweil,C,27.528737,8.966848,test,Marc,Wei
S347,aweil,A,27.443577,9.547699,test,Marc,Matei
S348,aweil,A,27.03107,9.445111,test,Yassin,Wei
S349,aweil,B,27.588475,9.024251,test,Yassin,Matei
S350,aweil,C,27.196899,9.035839,test,Wei,Matei
S351,bor_south,A,32.387006,6.450218,test,Matteo,Marc
S352,aweil,B,27.371891,9.08345,test,Matteo,Yassin
S353,aweil,A,27.752238,8.423637,test,Matteo,Wei
S354,aweil,B,27.621443,8.947894,test,Matteo,Matei
S355,aweil,A,27.151804,9.415826,test,Marc,Yassin
S356,aweil,A,27.525503,9.064765,test,Marc,Wei
S357,aweil,C,27.309908,9.466671,test,Marc,Matei
S358,bor_south,B,31.827715,6.946268,test,Yassin,Wei
S359,aweil,C,27.240917,9.426427,test,Yassin,Matei
S360,bor_south,A,32.028578,6.193749,calibration,Wei,Matei
S361,bor_south,B,31.80337,6.700489,test,Matteo,Marc
S362,aweil,B,27.281251,9.073748,test,Matteo,Yassin
S363,aweil,A,26.388236,8.310449,test,Matteo,Wei
S364,bor_south,B,31.996508,5.891825,test,Matteo,Matei
S365,aweil,A,26.534302,8.175882,test,Marc,Yassin
S366,aweil,A,27.560088,8.310719,test,Marc,Wei
S367,bor_south,B,32.004952,6.671653,calibration,Marc,Matei
S368,aweil,A,27.178394,8.111922,test,Yassin,Wei
S369,bor_south,A,31.957252,6.457225,test,Yassin,Matei
S370,aweil,A,27.680013,9.420677,test,Wei,Matei
S371,aweil,B,27.611023,9.269491,calibration,Matteo,Marc
S372,aweil,B,27.294007,9.048775,test,Matteo,Yassin
S373,bor_south,B,32.010342,6.016242,test,Matteo,Wei
S374,aweil,A,26.306849,8.500443,test,Matteo,Matei
S375,aweil,A,27.883482,9.225833,test,Marc,Yassin
S376,bor_south,A,31.572234,6.396768,test,Marc,Wei
S377,aweil,A,26.988041,9.370641,calibration,Marc,Matei
S378,aweil,A,27.07922,8.678849,test,Yassin,Wei
S379,bor_south,A,32.199707,6.935039,test,Yassin,Matei
S380,aweil,B,27.85258,8.831652,calibration,Wei,Matei
S381,aweil,A,26.262113,8.90747,test,Matteo,Marc
S382,aweil,B,26.927495,9.178312,test,Matteo,Yassin
S383,aweil,A,27.209566,9.24865,calibration,Matteo,Wei
S384,aweil,A,27.478701,8.51796,calibration,Matteo,Matei
S385,aweil,A,26.496393,8.812608,test,Marc,Yassin
S386,aweil,A,27.649201,8.513199,calibration,Marc,Wei
S387,aweil,B,27.004391,9.276228,calibration,Marc,Matei
S388,aweil,C,27.484989,8.887258,test,Yassin,Wei
S389,aweil,C,27.839375,8.847193,test,Yassin,Matei
S390,aweil,A,26.410874,9.247841,test,Wei,Matei
S391,aweil,C,27.76706,8.7261,test,Matteo,Marc
S392,aweil,C,27.577336,9.503412,test,Matteo,Yassin
S393,aweil,B,27.672108,8.985983,test,Matteo,Wei
S394,aweil,C,27.469448,8.99775,test,Matteo,Matei
S395,aweil,A,26.91941,9.395075,calibration,Marc,Yassin
S396,aweil,A,27.744782,8.551467,test,Marc,Wei
S397,bor_south,B,32.314961,6.999268,calibration,Marc,Matei
S398,aweil,A,26.57302,8.450676,test,Yassin,Wei
S399,aweil,C,27.797244,9.000625,test,Yassin,Matei
S400,aweil,C,27.380515,8.910794,calibration,Wei,Matei
S401,bor_south,B,32.228992,5.858139,calibration,Matteo,Marc
S402,aweil,B,27.308021,9.074287,test,Matteo,Yassin
S403,aweil,A,27.174352,8.739305,calibration,Matteo,Wei
S404,bor_south,B,32.122811,6.348978,test,Matteo,Matei
S405,aweil,B,27.868929,8.766075,calibration,Marc,Yassin
S406,aweil,C,27.293648,8.69385,test,Marc,Wei
S407,aweil,A,26.857606,8.071138,test,Marc,Matei
S408,aweil,C,27.002504,9.134744,test,Yassin,Wei
S409,aweil,A,27.437558,8.795809,calibration,Yassin,Matei
S410,aweil,C,27.490828,8.89148,test,Wei,Matei
S411,aweil,A,26.381139,8.230949,calibration,Matteo,Marc
S412,aweil,C,27.587217,9.032156,test,Matteo,Yassin
S413,aweil,A,27.080747,9.604652,test,Matteo,Wei
S414,aweil,A,26.207495,9.223407,test,Matteo,Matei
S415,aweil,B,26.452735,9.060633,test,Marc,Yassin
S416,aweil,C,27.575899,9.037725,test,Marc,Wei
S417,aweil,A,27.607699,9.441069,calibration,Marc,Matei
S418,aweil,C,27.26059,9.430289,test,Yassin,Wei
S419,aweil,C,27.380425,8.915105,calibration,Yassin,Matei
S420,aweil,A,27.032418,8.905853,test,Wei,Matei
S421,aweil,B,27.403063,9.048865,test,Matteo,Marc
S422,aweil,A,27.57509,9.233289,calibration,Matteo,Yassin
S423,aweil,C,27.662856,9.505299,test,Matteo,Wei
S424,aweil,C,27.920942,8.879173,test,Matteo,Matei
S425,aweil,A,27.253403,9.406664,calibration,Marc,Yassin
S426,bor_south,A,31.935063,6.230041,calibration,Marc,Wei
S427,aweil,B,27.59108,8.990205,test,Marc,Matei
S428,aweil,A,26.26328,9.287277,calibration,Yassin,Wei
S429,aweil,A,27.312243,9.551113,calibration,Yassin,Matei
S430,aweil,A,27.231125,8.478884,test,Wei,Matei
S431,aweil,B,26.539243,9.476463,calibration,Matteo,Marc
S432,aweil,A,27.855185,8.835874,test,Matteo,Yassin
S433,bor_south,B,31.77175,6.704801,test,Matteo,Wei
S434,aweil,A,26.172281,9.397591,calibration,Matteo,Matei
S435,bor_south,A,32.107001,6.084514,test,Marc,Yassin
S436,aweil,A,26.864343,8.825903,calibration,Marc,Wei
S437,aweil,C,27.489391,9.001074,test,Marc,Matei
S438,aweil,B,27.728702,8.928131,calibration,Yassin,Wei
S439,aweil,C,27.504303,9.010327,test,Yassin,Matei
S440,aweil,C,26.843772,9.09917,test,Wei,Matei
S441,aweil,A,26.847634,8.344136,test,Matteo,Marc
S442,aweil,B,27.456423,8.879263,test,Matteo,Yassin
S443,bor_south,B,32.018876,6.072656,calibration,Matteo,Wei
S444,bor_south,B,32.099365,6.845926,test,Matteo,Matei
S445,aweil,A,26.934861,8.701935,calibration,Marc,Yassin
S446,aweil,A,26.848892,8.724752,test,Marc,Wei
S447,aweil,B,27.457321,9.210202,test,Marc,Matei
S448,aweil,A,26.452106,8.712086,calibration,Yassin,Wei
S449,aweil,A,26.727799,9.446189,test,Yassin,Matei
S450,aweil,A,27.64992,9.100697,test,Wei,Matei
