aoi,adm2_pcode,adm2_name,product,valid_cells,valid_ha,crop_share_pct_10m,crop_area_ha_10m,crop_share_pct_30m_majority,crop_area_ha_30m_majority
aweil,SS0501,Aweil Centre,worldcereal2021,12386721,1114805,0.036,399,0.033,371
aweil,SS0501,Aweil Centre,worldcover2021,12386721,1114805,0.01,111,0.008,92
aweil,SS0501,Aweil Centre,worldcover2020,12386721,1114805,0.072,800,0.053,588
aweil,SS0501,Aweil Centre,esri2021,12386721,1114805,0.322,3588,0.321,3580
aweil,SS0501,Aweil Centre,esri2022,12386721,1114805,0.164,1826,0.161,1800
aweil,SS0501,Aweil Centre,esri2023,12386721,1114805,0.308,3435,0.306,3412
aweil,SS0501,Aweil Centre,esri2024,12386721,1114805,0.196,2181,0.195,2171
aweil,SS0501,Aweil Centre,dw2022jjason,12386721,1114805,0.047,527,0.038,418
aweil,SS0501,Aweil Centre,dw2022year,12386721,1114805,0.149,1657,0.14,1561
aweil,SS0501,Aweil Centre,deafrica2019,12384320,1114589,0.224,2495,0.176,1966
aweil,SS0501,Aweil Centre,deafrica2019filt,12384320,1114589,0.092,1029,0.091,1016
aweil,SS0501,Aweil Centre,glad2019,12386721,1114805,0.328,3660,0.329,3662
aweil,SS0501,Aweil Centre,glad2015,12386721,1114805,0.191,2134,0.19,2115
aweil,SS0501,Aweil Centre,gfsad2015,12386721,1114805,0.133,1477,0.132,1474
aweil,SS0502,Aweil East,worldcereal2021,7070258,636323,3.093,19684,3.011,19162
aweil,SS0502,Aweil East,worldcover2021,7070258,636323,0.706,4491,0.628,3995
aweil,SS0502,Aweil East,worldcover2020,7070258,636323,0.737,4688,0.586,3727
aweil,SS0502,Aweil East,esri2021,7070258,636323,1.074,6832,1.069,6800
aweil,SS0502,Aweil East,esri2022,7070258,636323,1.278,8130,1.273,8099
aweil,SS0502,Aweil East,esri2023,7070258,636323,0.733,4666,0.729,4640
aweil,SS0502,Aweil East,esri2024,7070258,636323,1.326,8437,1.32,8398
aweil,SS0502,Aweil East,dw2022jjason,7070258,636323,0.207,1316,0.176,1123
aweil,SS0502,Aweil East,dw2022year,7070258,636323,2.634,16763,2.559,16287
aweil,SS0502,Aweil East,deafrica2019,7053651,634829,4.381,27815,3.53,22412
aweil,SS0502,Aweil East,deafrica2019filt,7053651,634829,2.406,15272,2.39,15174
aweil,SS0502,Aweil East,glad2019,7070258,636323,1.662,10575,1.641,10445
aweil,SS0502,Aweil East,glad2015,7070258,636323,0.704,4480,0.655,4167
aweil,SS0502,Aweil East,gfsad2015,7070258,636323,4.481,28516,4.477,28486
aweil,SS0503,Aweil North,worldcereal2021,7042392,633815,0.695,4407,0.657,4163
aweil,SS0503,Aweil North,worldcover2021,7042392,633815,0.392,2483,0.332,2104
aweil,SS0503,Aweil North,worldcover2020,7042392,633815,0.364,2306,0.267,1692
aweil,SS0503,Aweil North,esri2021,7042392,633815,0.21,1331,0.21,1329
aweil,SS0503,Aweil North,esri2022,7042392,633815,0.193,1222,0.192,1217
aweil,SS0503,Aweil North,esri2023,7042392,633815,0.089,563,0.088,561
aweil,SS0503,Aweil North,esri2024,7042392,633815,0.116,735,0.115,732
aweil,SS0503,Aweil North,dw2022jjason,7042392,633815,0.075,475,0.062,395
aweil,SS0503,Aweil North,dw2022year,7042392,633815,0.197,1247,0.183,1161
aweil,SS0503,Aweil North,deafrica2019,7032867,632958,1.852,11724,1.28,8099
aweil,SS0503,Aweil North,deafrica2019filt,7032867,632958,0.717,4540,0.709,4486
aweil,SS0503,Aweil North,glad2019,7042392,633815,0.879,5570,0.866,5487
aweil,SS0503,Aweil North,glad2015,7042392,633815,0.361,2288,0.332,2103
aweil,SS0503,Aweil North,gfsad2015,7042392,633815,1.515,9600,1.512,9585
aweil,SS0504,Aweil South,worldcereal2021,2195212,197569,1.816,3589,1.755,3468
aweil,SS0504,Aweil South,worldcover2021,2195212,197569,0.937,1851,0.859,1696
aweil,SS0504,Aweil South,worldcover2020,2195212,197569,0.681,1346,0.516,1020
aweil,SS0504,Aweil South,esri2021,2195212,197569,0.209,413,0.208,411
aweil,SS0504,Aweil South,esri2022,2195212,197569,0.095,187,0.092,182
aweil,SS0504,Aweil South,esri2023,2195212,197569,0.056,110,0.054,107
aweil,SS0504,Aweil South,esri2024,2195212,197569,0.184,364,0.181,357
aweil,SS0504,Aweil South,dw2022jjason,2195212,197569,0.107,211,0.087,172
aweil,SS0504,Aweil South,dw2022year,2195212,197569,1.129,2231,1.076,2126
aweil,SS0504,Aweil South,deafrica2019,2193705,197433,2.319,4578,1.871,3693
aweil,SS0504,Aweil South,deafrica2019filt,2193705,197433,1.018,2009,1.005,1985
aweil,SS0504,Aweil South,glad2019,2195212,197569,0.803,1586,0.782,1544
aweil,SS0504,Aweil South,glad2015,2195212,197569,0.243,480,0.219,433
aweil,SS0504,Aweil South,gfsad2015,2195212,197569,5.332,10535,5.327,10524
aweil,SS0505,Aweil West,worldcereal2021,5560047,500404,0.537,2687,0.51,2555
aweil,SS0505,Aweil West,worldcover2021,5560047,500404,0.369,1848,0.316,1583
aweil,SS0505,Aweil West,worldcover2020,5560047,500404,0.595,2979,0.462,2310
aweil,SS0505,Aweil West,esri2021,5560047,500404,0.288,1443,0.286,1433
aweil,SS0505,Aweil West,esri2022,5560047,500404,0.34,1702,0.338,1693
aweil,SS0505,Aweil West,esri2023,5560047,500404,0.252,1263,0.251,1255
aweil,SS0505,Aweil West,esri2024,5560047,500404,0.417,2086,0.415,2076
aweil,SS0505,Aweil West,dw2022jjason,5560047,500404,0.098,489,0.08,398
aweil,SS0505,Aweil West,dw2022year,5560047,500404,0.519,2595,0.484,2420
aweil,SS0505,Aweil West,deafrica2019,5536609,498295,1.625,8095,1.238,6167
aweil,SS0505,Aweil West,deafrica2019filt,5536609,498295,0.64,3187,0.634,3161
aweil,SS0505,Aweil West,glad2019,5560047,500404,1.85,9258,1.844,9229
aweil,SS0505,Aweil West,glad2015,5560047,500404,1.164,5824,1.144,5723
aweil,SS0505,Aweil West,gfsad2015,5560047,500404,1.803,9020,1.804,9026
borsouth,SS0303,Bor South,worldcereal2021,15506904,1395621,0.014,193,0.013,186
borsouth,SS0303,Bor South,worldcover2021,15506904,1395621,0.0,0,0.0,0
borsouth,SS0303,Bor South,worldcover2020,15506904,1395621,0.0,0,0.0,0
borsouth,SS0303,Bor South,esri2021,15506904,1395621,0.032,452,0.032,445
borsouth,SS0303,Bor South,esri2022,15506904,1395621,0.064,896,0.063,883
borsouth,SS0303,Bor South,esri2023,15506904,1395621,0.01,146,0.01,143
borsouth,SS0303,Bor South,esri2024,15506904,1395621,0.004,53,0.004,50
borsouth,SS0303,Bor South,dw2022jjason,15506904,1395621,23.369,326140,23.258,324590
borsouth,SS0303,Bor South,dw2022year,15506904,1395621,21.336,297770,21.191,295752
borsouth,SS0303,Bor South,deafrica2019,15353947,1381855,0.001,19,0.0,4
borsouth,SS0303,Bor South,deafrica2019filt,15353947,1381855,0.0,1,0.0,0
borsouth,SS0303,Bor South,glad2019,15506904,1395621,0.249,3471,0.248,3460
borsouth,SS0303,Bor South,glad2015,15506904,1395621,0.242,3381,0.241,3358
borsouth,SS0303,Bor South,gfsad2015,15506904,1395621,0.225,3135,0.221,3078
