aoi,adm2_pcode,adm2_name,map_a,map_b,cells_both_valid,crop_share_a_pct,crop_share_b_pct,overall_agreement_pct,kappa,crop_jaccard_pct,a_crop_also_b_pct,b_crop_also_a_pct
aweil,SS0501,Aweil Centre,worldcereal2021,worldcover2021,12386721,0.033,0.008,99.96,0.084,4.39,5.24,21.22
aweil,SS0501,Aweil Centre,worldcereal2021,esri2022,12386721,0.033,0.161,99.81,0.0049,0.27,1.6,0.33
aweil,SS0501,Aweil Centre,worldcereal2021,dw2022jjason,12386721,0.033,0.038,99.93,0.0136,0.7,1.48,1.31
aweil,SS0501,Aweil Centre,worldcereal2021,deafrica2019,12384320,0.033,0.176,99.81,0.0986,5.22,31.25,5.89
aweil,SS0501,Aweil Centre,worldcereal2021,glad2019,12386721,0.033,0.329,99.67,0.0775,4.06,42.44,4.3
aweil,SS0501,Aweil Centre,worldcereal2021,gfsad2015,12386721,0.033,0.132,99.83,0.0011,0.08,0.41,0.1
aweil,SS0501,Aweil Centre,worldcover2021,esri2022,12386721,0.008,0.161,99.83,0.0003,0.02,0.49,0.03
aweil,SS0501,Aweil Centre,worldcover2021,dw2022jjason,12386721,0.008,0.038,99.95,0.002,0.11,0.59,0.13
aweil,SS0501,Aweil Centre,worldcover2021,deafrica2019,12384320,0.008,0.176,99.82,0.0255,1.3,28.78,1.34
aweil,SS0501,Aweil Centre,worldcover2021,glad2019,12386721,0.008,0.329,99.67,0.0075,0.39,15.72,0.39
aweil,SS0501,Aweil Centre,worldcover2021,gfsad2015,12386721,0.008,0.132,99.86,0.0034,0.18,3.05,0.19
aweil,SS0501,Aweil Centre,esri2022,dw2022jjason,12386721,0.161,0.038,99.8,0.0013,0.09,0.12,0.49
aweil,SS0501,Aweil Centre,esri2022,deafrica2019,12384320,0.161,0.176,99.67,0.0323,1.73,3.55,3.25
aweil,SS0501,Aweil Centre,esri2022,glad2019,12386721,0.161,0.329,99.54,0.0675,3.6,10.56,5.19
aweil,SS0501,Aweil Centre,esri2022,gfsad2015,12386721,0.161,0.132,99.71,0.0024,0.19,0.35,0.43
aweil,SS0501,Aweil Centre,dw2022jjason,deafrica2019,12384320,0.038,0.176,99.79,0.005,0.28,1.61,0.34
aweil,SS0501,Aweil Centre,dw2022jjason,glad2019,12386721,0.038,0.329,99.64,0.0022,0.15,1.42,0.16
aweil,SS0501,Aweil Centre,dw2022jjason,gfsad2015,12386721,0.038,0.132,99.83,0.0022,0.14,0.62,0.18
aweil,SS0501,Aweil Centre,deafrica2019,glad2019,12384320,0.176,0.329,99.63,0.2681,15.59,38.61,20.73
aweil,SS0501,Aweil Centre,deafrica2019,gfsad2015,12384320,0.176,0.132,99.7,0.0107,0.61,1.07,1.42
aweil,SS0501,Aweil Centre,glad2019,gfsad2015,12386721,0.329,0.132,99.54,0.0007,0.13,0.18,0.45
aweil,SS0502,Aweil East,worldcereal2021,worldcover2021,7070258,3.011,0.628,97.15,0.2075,12.09,13.03,62.53
aweil,SS0502,Aweil East,worldcereal2021,esri2022,7070258,3.011,1.273,96.19,0.0945,5.86,7.87,18.63
aweil,SS0502,Aweil East,worldcereal2021,dw2022jjason,7070258,3.011,0.176,96.88,0.0195,1.15,1.2,20.55
aweil,SS0502,Aweil East,worldcereal2021,deafrica2019,7053651,3.018,3.53,95.58,0.302,19.38,35.22,30.11
aweil,SS0502,Aweil East,worldcereal2021,glad2019,7070258,3.011,1.641,96.58,0.25,15.34,20.54,37.69
aweil,SS0502,Aweil East,worldcereal2021,gfsad2015,7070258,3.011,4.477,93.34,0.0772,5.84,13.73,9.23
aweil,SS0502,Aweil East,worldcover2021,esri2022,7070258,0.628,1.273,98.19,0.0387,2.4,7.09,3.5
aweil,SS0502,Aweil East,worldcover2021,dw2022jjason,7070258,0.628,0.176,99.24,0.0502,2.71,3.38,12.04
aweil,SS0502,Aweil East,worldcover2021,deafrica2019,7053651,0.629,3.53,96.28,0.0965,5.61,35.12,6.25
aweil,SS0502,Aweil East,worldcover2021,glad2019,7070258,0.628,1.641,97.97,0.0982,5.62,19.23,7.35
aweil,SS0502,Aweil East,worldcover2021,gfsad2015,7070258,0.628,4.477,95.07,0.023,1.72,13.73,1.92
aweil,SS0502,Aweil East,esri2022,dw2022jjason,7070258,1.273,0.176,98.56,0.0021,0.26,0.29,2.12
aweil,SS0502,Aweil East,esri2022,deafrica2019,7053651,1.275,3.53,95.5,0.045,3.25,11.85,4.28
aweil,SS0502,Aweil East,esri2022,glad2019,7070258,1.273,1.641,97.48,0.1213,7.18,15.33,11.89
aweil,SS0502,Aweil East,esri2022,gfsad2015,7070258,1.273,4.477,95.35,0.1749,10.57,43.19,12.28
aweil,SS0502,Aweil East,dw2022jjason,deafrica2019,7053651,0.177,3.53,96.35,0.0126,0.8,16.66,0.83
aweil,SS0502,Aweil East,dw2022jjason,glad2019,7070258,0.176,1.641,98.22,0.016,0.97,9.85,1.06
aweil,SS0502,Aweil East,dw2022jjason,gfsad2015,7070258,0.176,4.477,95.37,0.0013,0.23,6.16,0.24
aweil,SS0502,Aweil East,deafrica2019,glad2019,7053651,3.53,1.645,95.95,0.1987,12.15,15.88,34.08
aweil,SS0502,Aweil East,deafrica2019,gfsad2015,7053651,3.53,4.486,92.71,0.0529,4.73,10.26,8.07
aweil,SS0502,Aweil East,glad2019,gfsad2015,7070258,1.641,4.477,94.56,0.0892,5.88,20.7,7.59
aweil,SS0503,Aweil North,worldcereal2021,worldcover2021,7042392,0.657,0.332,99.33,0.3211,19.34,24.4,48.27
aweil,SS0503,Aweil North,worldcereal2021,esri2022,7042392,0.657,0.192,99.2,0.0529,2.86,3.6,12.31
aweil,SS0503,Aweil North,worldcereal2021,dw2022jjason,7042392,0.657,0.062,99.3,0.0211,1.12,1.22,12.82
aweil,SS0503,Aweil North,worldcereal2021,deafrica2019,7032867,0.658,1.28,98.42,0.1752,10.03,26.86,13.81
aweil,SS0503,Aweil North,worldcereal2021,glad2019,7042392,0.657,0.866,98.73,0.1621,9.19,19.51,14.8
aweil,SS0503,Aweil North,worldcereal2021,gfsad2015,7042392,0.657,1.512,98.09,0.1104,6.3,19.58,8.5
aweil,SS0503,Aweil North,worldcover2021,esri2022,7042392,0.332,0.192,99.48,0.0143,0.84,1.32,2.28
aweil,SS0503,Aweil North,worldcover2021,dw2022jjason,7042392,0.332,0.062,99.62,0.0347,1.82,2.12,11.31
aweil,SS0503,Aweil North,worldcover2021,deafrica2019,7032867,0.332,1.28,98.63,0.1451,8.08,36.33,9.42
aweil,SS0503,Aweil North,worldcover2021,glad2019,7042392,0.332,0.866,98.93,0.1007,5.54,18.95,7.27
aweil,SS0503,Aweil North,worldcover2021,gfsad2015,7042392,0.332,1.512,98.21,0.0243,1.5,8.22,1.8
aweil,SS0503,Aweil North,esri2022,dw2022jjason,7042392,0.192,0.062,99.75,0.0043,0.26,0.35,1.07
aweil,SS0503,Aweil North,esri2022,deafrica2019,7032867,0.192,1.28,98.56,0.0186,1.1,8.39,1.26
aweil,SS0503,Aweil North,esri2022,glad2019,7042392,0.192,0.866,99.03,0.0754,4.08,21.58,4.78
aweil,SS0503,Aweil North,esri2022,gfsad2015,7042392,0.192,1.512,98.42,0.0668,3.63,31.08,3.95
aweil,SS0503,Aweil North,dw2022jjason,deafrica2019,7032867,0.062,1.28,98.67,0.0067,0.39,8.45,0.41
aweil,SS0503,Aweil North,dw2022jjason,glad2019,7042392,0.062,0.866,99.09,0.013,0.71,10.52,0.76
aweil,SS0503,Aweil North,dw2022jjason,gfsad2015,7042392,0.062,1.512,98.43,0.0019,0.15,3.85,0.16
aweil,SS0503,Aweil North,deafrica2019,glad2019,7032867,1.28,0.867,98.24,0.1721,9.93,15.16,22.37
aweil,SS0503,Aweil North,deafrica2019,gfsad2015,7032867,1.28,1.514,97.44,0.0722,4.44,9.29,7.85
aweil,SS0503,Aweil North,glad2019,gfsad2015,7042392,0.866,1.512,97.92,0.1145,6.62,17.07,9.77
aweil,SS0504,Aweil South,worldcereal2021,worldcover2021,2195212,1.755,0.859,98.31,0.3447,21.38,26.23,53.62
aweil,SS0504,Aweil South,worldcereal2021,esri2022,2195212,1.755,0.092,98.15,-0.0017,0.0,0.01,0.1
aweil,SS0504,Aweil South,worldcereal2021,dw2022jjason,2195212,1.755,0.087,98.19,0.015,0.84,0.87,17.59
aweil,SS0504,Aweil South,worldcereal2021,deafrica2019,2193705,1.756,1.871,97.32,0.2465,14.95,26.86,25.22
aweil,SS0504,Aweil South,worldcereal2021,glad2019,2195212,1.755,0.782,97.94,0.1805,10.46,13.68,30.72
aweil,SS0504,Aweil South,worldcereal2021,gfsad2015,2195212,1.755,5.327,94.67,0.2275,14.15,50.01,16.48
aweil,SS0504,Aweil South,worldcover2021,esri2022,2195212,0.859,0.092,99.05,-0.0016,0.0,0.01,0.05
aweil,SS0504,Aweil South,worldcover2021,dw2022jjason,2195212,0.859,0.087,99.08,0.0304,1.62,1.76,17.33
aweil,SS0504,Aweil South,worldcover2021,deafrica2019,2193705,0.859,1.871,97.91,0.2255,13.29,37.27,17.12
aweil,SS0504,Aweil South,worldcover2021,glad2019,2195212,0.859,0.782,98.63,0.1566,8.9,15.62,17.16
aweil,SS0504,Aweil South,worldcover2021,gfsad2015,2195212,0.859,5.327,94.36,0.0748,4.63,31.89,5.14
aweil,SS0504,Aweil South,esri2022,dw2022jjason,2195212,0.092,0.087,99.82,0.0027,0.18,0.35,0.37
aweil,SS0504,Aweil South,esri2022,deafrica2019,2193705,0.092,1.871,98.04,-0.0009,0.04,0.94,0.05
aweil,SS0504,Aweil South,esri2022,glad2019,2195212,0.092,0.782,99.13,-0.0008,0.04,0.4,0.05
aweil,SS0504,Aweil South,esri2022,gfsad2015,2195212,0.092,5.327,94.58,-0.0018,0.0,0.05,0.0
aweil,SS0504,Aweil South,dw2022jjason,deafrica2019,2193705,0.087,1.871,98.09,0.0247,1.34,29.63,1.38
aweil,SS0504,Aweil South,dw2022jjason,glad2019,2195212,0.087,0.782,99.15,0.0229,1.24,12.2,1.36
aweil,SS0504,Aweil South,dw2022jjason,gfsad2015,2195212,0.087,5.327,94.59,-0.0006,0.06,3.56,0.06
aweil,SS0504,Aweil South,deafrica2019,glad2019,2193705,1.871,0.782,97.87,0.1873,10.88,13.92,33.28
aweil,SS0504,Aweil South,deafrica2019,gfsad2015,2193705,1.871,5.329,93.81,0.1164,7.58,27.11,9.52
aweil,SS0504,Aweil South,glad2019,gfsad2015,2195212,0.782,5.327,94.37,0.0648,4.03,30.3,4.45
aweil,SS0505,Aweil West,worldcereal2021,worldcover2021,5560047,0.51,0.316,99.5,0.3936,24.69,32.07,51.76
aweil,SS0505,Aweil West,worldcereal2021,esri2022,5560047,0.51,0.338,99.16,0.0089,0.65,1.08,1.63
aweil,SS0505,Aweil West,worldcereal2021,dw2022jjason,5560047,0.51,0.08,99.43,0.0354,1.87,2.12,13.62
aweil,SS0505,Aweil West,worldcereal2021,deafrica2019,5536609,0.512,1.238,98.56,0.1715,9.74,30.3,12.55
aweil,SS0505,Aweil West,worldcereal2021,glad2019,5560047,0.51,1.844,98.02,0.1529,8.68,36.83,10.19
aweil,SS0505,Aweil West,worldcereal2021,gfsad2015,5560047,0.51,1.804,97.8,0.0419,2.54,11.22,3.18
aweil,SS0505,Aweil West,worldcover2021,esri2022,5560047,0.316,0.338,99.35,0.0112,0.73,1.49,1.39
aweil,SS0505,Aweil West,worldcover2021,dw2022jjason,5560047,0.316,0.08,99.63,0.0522,2.75,3.34,13.3
aweil,SS0505,Aweil West,worldcover2021,deafrica2019,5536609,0.316,1.238,98.61,0.0997,5.5,25.65,6.54
aweil,SS0505,Aweil West,worldcover2021,glad2019,5560047,0.316,1.844,98.0,0.0705,3.92,25.79,4.42
aweil,SS0505,Aweil West,worldcover2021,gfsad2015,5560047,0.316,1.804,97.96,0.0342,2.01,13.22,2.32
aweil,SS0505,Aweil West,esri2022,dw2022jjason,5560047,0.338,0.08,99.59,0.011,0.62,0.76,3.21
aweil,SS0505,Aweil West,esri2022,deafrica2019,5536609,0.325,1.238,98.45,0.0038,0.45,2.15,0.56
aweil,SS0505,Aweil West,esri2022,glad2019,5560047,0.338,1.844,97.85,0.009,0.74,4.73,0.87
aweil,SS0505,Aweil West,esri2022,gfsad2015,5560047,0.338,1.804,98.12,0.1191,6.61,39.29,7.37
aweil,SS0505,Aweil West,dw2022jjason,deafrica2019,5536609,0.08,1.238,98.7,0.011,0.63,10.34,0.67
aweil,SS0505,Aweil West,dw2022jjason,glad2019,5560047,0.08,1.844,98.08,0.003,0.22,5.43,0.23
aweil,SS0505,Aweil West,dw2022jjason,gfsad2015,5560047,0.08,1.804,98.12,0.0028,0.22,5.11,0.23
aweil,SS0505,Aweil West,deafrica2019,glad2019,5536609,1.238,1.851,97.65,0.2268,13.52,29.73,19.87
aweil,SS0505,Aweil West,deafrica2019,gfsad2015,5536609,1.238,1.749,97.13,0.024,1.94,4.6,3.25
aweil,SS0505,Aweil West,glad2019,gfsad2015,5560047,1.844,1.804,96.68,0.0732,4.72,8.91,9.11
borsouth,SS0303,Bor South,worldcereal2021,worldcover2021,15506904,0.013,0.0,99.99,0.0,0.0,0.0,
borsouth,SS0303,Bor South,worldcereal2021,esri2022,15506904,0.013,0.063,99.92,-0.0002,0.0,0.0,0.0
borsouth,SS0303,Bor South,worldcereal2021,dw2022jjason,15506904,0.013,23.258,76.73,-0.0002,0.0,4.16,0.0
borsouth,SS0303,Bor South,worldcereal2021,deafrica2019,15353947,0.013,0.0,99.99,0.0028,0.14,0.15,6.52
borsouth,SS0303,Bor South,worldcereal2021,glad2019,15506904,0.013,0.248,99.76,0.0788,4.11,77.48,4.16
borsouth,SS0303,Bor South,worldcereal2021,gfsad2015,15506904,0.013,0.221,99.77,0.0297,1.52,26.3,1.59
borsouth,SS0303,Bor South,worldcover2021,esri2022,15506904,0.0,0.063,99.94,0.0,0.0,,0.0
borsouth,SS0303,Bor South,worldcover2021,dw2022jjason,15506904,0.0,23.258,76.74,0.0,0.0,,0.0
borsouth,SS0303,Bor South,worldcover2021,deafrica2019,15353947,0.0,0.0,100.0,0.0,0.0,,0.0
borsouth,SS0303,Bor South,worldcover2021,glad2019,15506904,0.0,0.248,99.75,0.0,0.0,,0.0
borsouth,SS0303,Bor South,worldcover2021,gfsad2015,15506904,0.0,0.221,99.78,0.0,0.0,,0.0
borsouth,SS0303,Bor South,esri2022,dw2022jjason,15506904,0.063,23.258,76.73,0.0008,0.1,37.82,0.1
borsouth,SS0303,Bor South,esri2022,deafrica2019,15353947,0.064,0.0,99.94,-0.0,0.0,0.0,0.0
borsouth,SS0303,Bor South,esri2022,glad2019,15506904,0.063,0.248,99.69,-0.0002,0.04,0.19,0.05
borsouth,SS0303,Bor South,esri2022,gfsad2015,15506904,0.063,0.221,99.72,-0.0007,0.01,0.06,0.02
borsouth,SS0303,Bor South,dw2022jjason,deafrica2019,15353947,23.406,0.0,76.59,-0.0,0.0,0.0,4.35
borsouth,SS0303,Bor South,dw2022jjason,glad2019,15506904,23.258,0.248,76.51,-0.0044,0.03,0.03,2.67
borsouth,SS0303,Bor South,dw2022jjason,gfsad2015,15506904,23.258,0.221,76.54,-0.0038,0.03,0.03,3.24
borsouth,SS0303,Bor South,deafrica2019,glad2019,15353947,0.0,0.25,99.75,0.0001,0.01,6.52,0.01
borsouth,SS0303,Bor South,deafrica2019,gfsad2015,15353947,0.0,0.222,99.78,-0.0,0.0,0.0,0.0
borsouth,SS0303,Bor South,glad2019,gfsad2015,15506904,0.248,0.221,99.62,0.1854,10.33,17.69,19.89
