admin_level,feature_index,name,pcode,parent_name,parent_pcode,centroid_latitude,centroid_longitude,min_longitude,min_latitude,max_longitude,max_latitude,area_km2,source_file
3,0,Bungu,SS010101,Juba,SS0101,4.695619098255209,31.225174955895145,31.04800164000011,4.563342359999979,31.406098680000127,4.830527790000076,673.6194274175422,ssd_admin3.geojson
3,1,Dolo,SS010102,Juba,SS0101,4.931312516177953,31.072336291773794,30.777046291000147,4.701948030000096,31.354528679999987,5.167499400000054,1835.038304660081,ssd_admin3.geojson
3,2,Ganji,SS010103,Juba,SS0101,4.5154897076451945,31.222296610025246,31.11105204100005,4.392253260000132,31.347171720000063,4.628849310000021,356.5296420098345,ssd_admin3.geojson
3,3,Gondokoro,SS010104,Juba,SS0101,4.824295142123443,31.738843743242565,31.609805041000186,4.691401020000171,31.922482680000087,5.011844580000059,635.6980525507549,ssd_admin3.geojson
3,4,Juba Town,SS010105,Juba,SS0101,4.856961251216481,31.600824751668,31.580148600000143,4.829479740000068,31.62312036100019,4.88335869000008,17.249278667028847,ssd_admin3.geojson
3,5,Kator,SS010106,Juba,SS0101,4.822815984385055,31.599771278007847,31.586156280000182,4.796986860000061,31.61712528000004,4.841020260000107,8.673406510529738,ssd_admin3.geojson
3,6,Lirya,SS010107,Juba,SS0101,4.686928202575895,32.0546022285365,31.903433640000117,4.521689352000067,32.155965835000075,4.828350077000096,480.4308895601415,ssd_admin3.geojson
3,7,Lokiliri,SS010108,Juba,SS0101,4.529861435105909,31.92996605030153,31.690836000000104,4.237668006000035,32.0723218820001,4.71748032000005,1021.215440707352,ssd_admin3.geojson
3,8,Lobonok,SS010109,Juba,SS0101,4.311953124188119,31.55667949986806,31.042811173000132,3.957535776000043,32.02656811000003,4.710168360000125,5209.576409658146,ssd_admin3.geojson
3,9,Mangala South,SS010110,Juba,SS0101,4.9542471226676374,31.940821666285494,31.68521748000012,4.761205110000162,32.17315423000019,5.191882110000108,1572.7092312074735,ssd_admin3.geojson
3,10,Munuki,SS010111,Juba,SS0101,4.83126633778269,31.573552449766087,31.555203121000034,4.788210150000054,31.596499081000047,4.882558590000144,29.928267704317875,ssd_admin3.geojson
3,11,Northern Bari,SS010112,Juba,SS0101,4.957724438532042,31.495736818581893,31.19280228100007,4.723499070000173,31.73710108500012,5.167545160000145,1228.979339392511,ssd_admin3.geojson
3,12,Rejaf,SS010113,Juba,SS0101,4.729482293049899,31.53413394377368,31.339437840000187,4.609649970000078,31.741109640000047,4.890095820000056,589.2520687348008,ssd_admin3.geojson
3,13,Rokon,SS010114,Juba,SS0101,5.194641786790297,31.04881756082681,30.891607628000088,5.036183909000158,31.220743861000074,5.38519492,700.6802206965817,ssd_admin3.geojson
3,14,Tijor,SS010115,Juba,SS0101,5.159341326042061,31.37431240749885,31.192125840000188,4.963249800000085,31.622828736000145,5.312336784000138,839.3002234476418,ssd_admin3.geojson
3,15,Wonduruba,SS010116,Juba,SS0101,4.651162194584891,30.8480131269876,30.513831808000077,4.373471567000024,31.175034939000113,4.908919600000047,1905.993548880948,ssd_admin3.geojson
3,16,Mangala North,SS010117,Juba,SS0101,5.2526545591526554,31.946269222763533,31.755024694000156,5.066478990000064,32.1405064650001,5.465408737000189,1261.6411289795908,ssd_admin3.geojson
3,17,Kangapo I,SS010201,Kajo-keji,SS0102,3.807610119384031,31.711290198244594,31.611263400000098,3.707206189999965,31.80307342800006,3.948260966000021,283.38292606572384,ssd_admin3.geojson
3,18,Kangapo II,SS010202,Kajo-keji,SS0102,3.771739605603235,31.55318398297971,31.455601566999974,3.636843178000163,31.670280721000097,3.890472210000155,335.6312187774333,ssd_admin3.geojson
3,19,Lire,SS010203,Kajo-keji,SS0102,3.9280462732961587,31.632091493434867,31.530719880000106,3.849777630000176,31.746880317000148,4.023790799000096,296.89200442411294,ssd_admin3.geojson
3,20,Liwolo,SS010204,Kajo-keji,SS0102,3.9003532191749954,31.310543191034224,31.09764291800019,3.696400336000124,31.513503960000094,4.114033791000054,1155.2361102685236,ssd_admin3.geojson
3,21,Nyepo,SS010205,Kajo-keji,SS0102,4.012174358390941,31.50289619334205,31.40246592000011,3.855701970000041,31.618544485000086,4.128884976000052,444.96228649096247,ssd_admin3.geojson
3,22,Kenyi,SS010301,Lainya,SS0103,4.247220675043883,30.912455575447268,30.80495168900012,4.108151502000169,31.050147601000162,4.355207640000117,395.40825807951256,ssd_admin3.geojson
3,23,Kupera,SS010302,Lainya,SS0103,4.066497457701344,30.96546471009563,30.8294078400001,3.869720168000129,31.088849760000073,4.205911770000057,477.99065794262134,ssd_admin3.geojson
3,24,Lainya,SS010303,Lainya,SS0103,4.371976928646064,31.017239260641926,30.828860988000145,4.254239218000123,31.186744501000135,4.528732309000077,525.0809417374385,ssd_admin3.geojson
3,25,Mukaya,SS010304,Lainya,SS0103,4.404823947169906,30.68526846689914,30.462508549000063,4.11289238400002,30.923778240000047,4.670024466000029,1627.6905161999966,ssd_admin3.geojson
3,26,Wuji,SS010305,Lainya,SS0103,3.9736126187430023,31.090228503930863,30.962009161000026,3.735756864999985,31.21042556800012,4.154016192000029,472.7457722876484,ssd_admin3.geojson
3,27,Gulumbi,SS010401,Morobo,SS0104,3.7105523641256295,30.812895677196526,30.749945041000046,3.589224957000056,30.887220960000036,3.78608110000016,180.65195222057673,ssd_admin3.geojson
3,28,Kimba,SS010402,Morobo,SS0104,3.631116958726739,30.88945720150419,30.81269229100002,3.487840075000122,30.971391660000165,3.723932070000103,193.75126020331004,ssd_admin3.geojson
3,29,Lujulo,SS010403,Morobo,SS0104,3.697875947681072,30.70330106365856,30.616927561000125,3.617041642000061,30.76822584100006,3.800249376000068,185.57245650622843,ssd_admin3.geojson
3,30,Panyume,SS010404,Morobo,SS0104,3.8112145924687844,30.9560274143988,30.838102560000095,3.688526047000096,31.09814222099999,3.948397152000098,530.0109162044366,ssd_admin3.geojson
3,31,Wudabi,SS010405,Morobo,SS0104,3.7266205372763896,30.617403174251166,30.557781291000026,3.604698621000125,30.68912052000013,3.827310384000157,218.9553239869934,ssd_admin3.geojson
3,32,Gameiza,SS010501,Terekeka,SS0105,5.654747321060298,31.941876377785835,31.66242975600005,5.367878174000055,32.11441839200012,5.874651988000153,1813.4564661241125,ssd_admin3.geojson
3,33,Muni,SS010502,Terekeka,SS0105,5.637883456694055,31.73270923366281,31.632590880000123,5.557367340000155,31.800262320000172,5.741061660000014,219.7012887474243,ssd_admin3.geojson
3,34,Nyori,SS010503,Terekeka,SS0105,5.251202366659068,31.670366005650024,31.510975105000057,5.122710336000011,31.797027000000185,5.369269410000015,504.3675515763238,ssd_admin3.geojson
3,35,Reggo,SS010504,Terekeka,SS0105,5.42408781003458,31.51308118214941,31.248831766000137,5.211336912000036,31.716395280000143,5.647063770000045,1394.3672007791824,ssd_admin3.geojson
3,36,Rijong,SS010505,Terekeka,SS0105,5.608892562767722,31.297969581113495,30.924134192000167,5.271212977000062,31.56357492000018,5.90029364600008,2272.3260611660853,ssd_admin3.geojson
3,37,Tali,SS010506,Terekeka,SS0105,5.945933852369502,30.68762447121723,30.303941393000116,5.63227357400018,30.976322330000073,6.251062285000046,2270.0492831818506,ssd_admin3.geojson
3,38,Terekeka,SS010507,Terekeka,SS0105,5.464498296343743,31.755081981307885,31.67342208000008,5.346382042000073,31.838740957000027,5.575029120000067,276.9316370974304,ssd_admin3.geojson
3,39,Tindilo,SS010508,Terekeka,SS0105,5.697902945034252,31.057614100701734,30.89281608100015,5.40234411199998,31.212279720000083,5.947359660000188,1455.9683997108878,ssd_admin3.geojson
3,40,Tombek,SS010509,Terekeka,SS0105,5.752241953029888,31.632257439551797,31.530479401000036,5.625579060000177,31.757523480000145,5.880257177000033,464.96207778432336,ssd_admin3.geojson
3,41,Lasu,SS010601,Yei,SS0106,4.028573383502302,30.383565465621206,30.16860520299997,3.832610996000142,30.56164308100017,4.196636460000036,1072.5279838538124,ssd_admin3.geojson
3,42,Mugwo,SS010602,Yei,SS0106,3.8973374933773193,30.752519630089473,30.65273100000013,3.777047951000156,30.86055009200004,4.034897820000083,487.61919765894305,ssd_admin3.geojson
3,43,Otogo,SS010603,Yei,SS0106,3.977524642586596,30.59285666223335,30.48692076000009,3.804482087000054,30.69036108000006,4.145221890000187,513.2823392963977,ssd_admin3.geojson
3,44,Tore,SS010604,Yei,SS0106,4.406900858037824,30.201343260419307,29.796630165000124,4.042573980000157,30.631573093000043,4.709303176000105,4088.3150369966797,ssd_admin3.geojson
3,45,Yei,SS010605,Yei,SS0106,4.074292700008223,30.75202300893733,30.510651240000186,3.890757456000131,30.928965538000057,4.250290860000121,558.8034651135031,ssd_admin3.geojson
3,46,Kimotong,SS020101,Budi,SS0201,4.585589114806075,33.27196850439217,33.141725019000035,4.458364470000106,33.39496656000006,4.714953300000047,470.20169353602523,ssd_admin3.geojson
3,47,Komori,SS020102,Budi,SS0201,4.129683898805774,33.472990604752276,33.14985898400005,3.833555528000147,33.76544909500012,4.382072190000144,1890.445411745909,ssd_admin3.geojson
3,48,Nauro,SS020103,Budi,SS0201,4.433755728844191,33.58050501705691,33.40112688100004,4.321716404000142,33.754684693000115,4.570197517999986,590.699174562008,ssd_admin3.geojson
3,49,Loriyok,SS020104,Budi,SS0201,4.513668846323478,33.33119389455072,33.00003117900019,4.293686801999968,33.64535300200015,4.82196519900009,1303.8051200563912,ssd_admin3.geojson
3,50,Lotukei,SS020105,Budi,SS0201,4.151275836231402,33.7731320750058,33.6044689200001,4.00618963800008,33.938346889,4.25175822,514.9045412298746,ssd_admin3.geojson
3,51,Loudo,SS020106,Budi,SS0201,4.282039897023415,33.69420353402887,33.617872440000156,4.20522408000005,33.79712731700016,4.344792300000051,201.75550784386078,ssd_admin3.geojson
3,52,Nagishot,SS020107,Budi,SS0201,4.274303522212857,33.57882718957704,33.516704161000064,4.17843468000018,33.63910452099998,4.37790609000001,166.14639889475188,ssd_admin3.geojson
3,53,Napak,SS020108,Budi,SS0201,4.738022644909089,33.213766687991516,33.059114357000055,4.540996987000028,33.409891015000085,4.909899325000026,595.3747621244619,ssd_admin3.geojson
3,54,Hatire,SS020201,Ikotos,SS0202,3.973863417646288,32.93393643250871,32.790285894000135,3.807940950000159,33.121338480000134,4.148742765000065,730.5327365205717,ssd_admin3.geojson
3,55,Ikotos,SS020202,Ikotos,SS0202,4.028786372662192,33.091523439584016,32.923525637000125,3.773065424000038,33.23096820000018,4.266736677999972,841.7509623949377,ssd_admin3.geojson
3,56,Imotong,SS020203,Ikotos,SS0202,4.207929483986166,32.871874638103726,32.775515099000074,4.105874610000058,32.931313201000194,4.314831923000099,211.69236851656,ssd_admin3.geojson
3,57,Lomohidang North,SS020204,Ikotos,SS0202,4.299522961554755,33.043273305765574,32.92616598800004,4.160753910000096,33.15610348399997,4.415616220000175,366.7708323862106,ssd_admin3.geojson
3,58,Lomohidang South,SS020205,Ikotos,SS0202,4.173029884860855,33.18022825868284,33.06439404100007,4.058726760000127,33.280676278000044,4.285910631999968,312.74372957355064,ssd_admin3.geojson
3,59,Losite,SS020206,Ikotos,SS0202,3.8939287762429498,33.368476583613344,33.20591004000005,3.749111244000119,33.59536828100005,4.093428505000134,1047.6062817222808,ssd_admin3.geojson
3,60,Jie,SS020301,Kapoeta East,SS0203,5.493346048064233,33.915152321757645,33.626312874000064,5.154364764000093,34.26648876100006,5.779592447000141,2926.5949539898725,ssd_admin3.geojson
3,61,Katodori,SS020302,Kapoeta East,SS0203,4.727907457040682,33.85079337873489,33.635175350000054,4.447373613000138,34.09812432100006,4.938279030000103,1464.223251383456,ssd_admin3.geojson
3,62,Kauto,SS020303,Kapoeta East,SS0203,5.485676506723542,34.56521391868152,34.025665575000176,4.94210817000004,35.04756816000008,6.008191775000057,7471.467274009047,ssd_admin3.geojson
3,63,Lotimor,SS020304,Kapoeta East,SS0203,5.281052013579308,35.19431082376439,34.66220040000019,4.995557910000059,35.86518096800012,5.898591999000018,5275.774498401321,ssd_admin3.geojson
3,64,Mogos,SS020305,Kapoeta East,SS0203,5.07873165574323,33.98476306458482,33.678732731000025,4.88493684000008,34.26164640100012,5.314444470000069,2047.3142811344226,ssd_admin3.geojson
3,65,Narus,SS020306,Kapoeta East,SS0203,4.816953828244945,34.966015230990045,33.97035960100004,4.37523126800005,35.951923671000145,5.256680965000101,9603.418357008173,ssd_admin3.geojson
3,66,Natinga,SS020307,Kapoeta East,SS0203,4.38836136415005,33.979593214840996,33.82754991300004,4.180524586000104,34.129455230000076,4.55965425,774.1183963025918,ssd_admin3.geojson
3,67,Chumakori,SS020401,Kapoeta North,SS0204,4.938165764136462,33.585154623389364,33.50149704000012,4.836077190000026,33.71067069000003,5.02658786500001,110.11868647264963,ssd_admin3.geojson
3,68,Karukomuge,SS020402,Kapoeta North,SS0204,5.400785387879844,33.46797354896198,33.13001417300006,4.95825552000008,33.78288329700007,5.840269063000051,4520.402287616863,ssd_admin3.geojson
3,69,Lomeyen,SS020403,Kapoeta North,SS0204,5.014576235170418,33.36909061468518,33.19657815500017,4.887558809000041,33.50687508100003,5.13496764000007,579.7985297236705,ssd_admin3.geojson
3,70,Mosingo,SS020404,Kapoeta North,SS0204,4.87597065948583,33.38611089306628,33.23038155100005,4.784543194000094,33.55079544000006,4.987630312000135,271.0679868178608,ssd_admin3.geojson
3,71,Najie,SS020405,Kapoeta North,SS0204,4.934957469513723,33.5122539393152,33.48240660100004,4.871914200000106,33.5520082810001,5.004662129000053,61.24339261070134,ssd_admin3.geojson
3,72,Paringa,SS020406,Kapoeta North,SS0204,4.903557634100556,33.62099995172539,33.53624280000014,4.775680717000171,33.703905329000065,5.003044409000154,190.51043693880354,ssd_admin3.geojson
3,73,Kapoeta Town,SS020501,Kapoeta South,SS0205,4.7884896583768155,33.617547707235765,33.55391124100004,4.708229040000049,33.67770292200004,4.873167962000139,114.22056180209799,ssd_admin3.geojson
3,74,Longeleya,SS020502,Kapoeta South,SS0205,4.6622533804457715,33.61311159513641,33.51488868000007,4.596995359000118,33.71618195000019,4.729146120000053,132.14565768902887,ssd_admin3.geojson
3,75,Machi One,SS020503,Kapoeta South,SS0205,4.695417541068629,33.53508358187575,33.45355941800017,4.625740605000146,33.639896880000094,4.751559630000031,143.43281984732843,ssd_admin3.geojson
3,76,Machi Two,SS020504,Kapoeta South,SS0205,4.762430263315885,33.500162592605754,33.44315501900007,4.667493706000073,33.57760320000017,4.822947260000092,116.5712968454913,ssd_admin3.geojson
3,77,Pwata,SS020505,Kapoeta South,SS0205,4.446763855976466,33.76367068657218,33.606930600000055,4.217344677000028,33.918081901000164,4.680607298999973,693.836233029995,ssd_admin3.geojson
3,78,Arihilo,SS020601,Lafon,SS0206,4.920831490189695,32.97927546921845,32.63823468099997,4.749057302000097,33.2613213890001,5.078359170000169,1505.885329609556,ssd_admin3.geojson
3,79,Burgilo,SS020602,Lafon,SS0206,5.472812219047118,32.66226327908302,32.098343134000174,4.923767206000036,33.311596910000105,5.851466225000138,10443.269253035454,ssd_admin3.geojson
3,80,Imehejek,SS020603,Lafon,SS0206,4.754893340328787,32.893704421209236,32.69562192000012,4.662155520000169,33.1227234750001,4.870129320000046,611.2274224976014,ssd_admin3.geojson
3,81,Kurumi,SS020604,Lafon,SS0206,4.928205534926726,32.29872889829338,32.14124462799998,4.721375975000058,32.49245736000006,5.071544910000171,684.319040636896,ssd_admin3.geojson
3,82,Lohutok,SS020605,Lafon,SS0206,4.594095260521865,32.965875123129706,32.711228137000035,4.462539869000182,33.15364744300007,4.7267802,595.5675572639867,ssd_admin3.geojson
3,83,Longiro,SS020606,Lafon,SS0206,4.788212387456441,32.664821515362505,32.590029978000075,4.678651800000125,32.74497180000003,4.941531707000024,209.25189496817956,ssd_admin3.geojson
3,84,Marguna,SS020607,Lafon,SS0206,5.073616279056377,32.662869758626385,32.46916068100006,4.919022900000073,32.97097908000006,5.197620780000079,960.791718961175,ssd_admin3.geojson
3,85,Pachidi,SS020608,Lafon,SS0206,4.708994785338794,32.334891825784084,32.124364384000046,4.512760571,32.50373247600004,4.927332150000097,1231.8597551044586,ssd_admin3.geojson
3,86,Lobone,SS020701,Magwi,SS0207,3.820373569761364,32.70782303949366,32.527245961000176,3.755274317000158,32.883019872000034,3.903167845000155,356.9465223339733,ssd_admin3.geojson
3,87,Magwi,SS020702,Magwi,SS0207,4.0269315390761555,32.30427762285573,32.060629801,3.870380339000121,32.627588059000175,4.241920185000026,1167.4679931036362,ssd_admin3.geojson
3,88,Mugali,SS020703,Magwi,SS0207,3.617757377737352,32.20207459330912,32.09367977900007,3.50439260100012,32.348535122000044,3.723693840000124,262.01589180087217,ssd_admin3.geojson
3,89,Nimule,SS020704,Magwi,SS0207,3.6418416626394534,32.0587534323792,31.952402763000066,3.529964179000103,32.176309680000145,3.718872089000058,288.1820196121972,ssd_admin3.geojson
3,90,Pageri,SS020705,Magwi,SS0207,3.94859177405452,32.029299230124636,31.724287654000136,3.660420955000063,32.296095360000095,4.370194490000017,2301.506379513256,ssd_admin3.geojson
3,91,Pajok,SS020706,Magwi,SS0207,3.8512158866524784,32.43833728063783,32.25347892000002,3.697729853999988,32.64448496200015,3.997359090000089,824.543808249722,ssd_admin3.geojson
3,92,Bur,SS020801,Torit,SS0208,4.661070679294652,32.576947521114946,32.46237425200019,4.42581849000004,32.73664945000013,4.944067777000043,1100.3926677524787,ssd_admin3.geojson
3,93,Hiyala,SS020802,Torit,SS0208,4.43907480622782,32.820712130047994,32.61155652000019,4.246886267000036,33.05194596600012,4.6545602,1245.7325844073548,ssd_admin3.geojson
3,94,Himodonge,SS020803,Torit,SS0208,4.156599003601078,32.706697061455195,32.5726264810001,3.896531716000027,32.85002056899998,4.369521780000127,806.085975429852,ssd_admin3.geojson
3,95,Ifwotu,SS020804,Torit,SS0208,4.091474090276063,32.598493715202075,32.38201908900004,3.821487379000189,32.81035428000007,4.401503010000056,882.2710725090252,ssd_admin3.geojson
3,96,Imurok,SS020805,Torit,SS0208,4.321287298914952,32.411108308282145,32.26226839200007,4.139237326000057,32.521727520000184,4.527739660000123,646.0236496626122,ssd_admin3.geojson
3,97,Kudo,SS020806,Torit,SS0208,4.4197612042876235,32.22730339028836,32.007268756000144,4.201770410000108,32.425158795000186,4.573063010000112,1077.3905367823668,ssd_admin3.geojson
3,98,Torit,SS020807,Torit,SS0208,4.409605956984052,32.56570650572482,32.493240360000186,4.359601080000175,32.62442076000019,4.464550080000151,80.67394728830037,ssd_admin3.geojson
3,99,Alali,SS030101,Akobo,SS0301,7.6636145171813,33.32883551277322,33.076408320000155,7.503451139999981,33.52912563700005,7.804274559000021,861.7649824081424,ssd_admin3.geojson
3,100,Barmach,SS030102,Akobo,SS0301,8.299288880577965,32.29489598838319,32.194493625,8.146633950000023,32.39747642400005,8.438169082000059,483.3991834071643,ssd_admin3.geojson
3,101,Bilkey,SS030103,Akobo,SS0301,7.618573389667978,32.81074729884496,32.56745083800007,7.379105660999983,33.107246399000076,7.869009495000171,1383.2462282374015,ssd_admin3.geojson
3,102,Buong,SS030104,Akobo,SS0301,8.21167174434454,32.41257849692085,32.296087441000054,8.132219280000186,32.54360770400007,8.317959732000077,251.2568676039937,ssd_admin3.geojson
3,103,Dengjok,SS030105,Akobo,SS0301,7.857486269113874,32.80958020829865,32.59247729400005,7.714847626000108,33.040836334000176,7.98798077500004,962.1436920438737,ssd_admin3.geojson
3,104,Diror,SS030106,Akobo,SS0301,8.111326287521514,32.61313593356132,32.22698472000013,7.874109824000186,32.9277705020001,8.43684735100004,2531.602737342626,ssd_admin3.geojson
3,105,Nyandit,SS030107,Akobo,SS0301,7.451980260587906,33.155575277308074,32.84930295000004,7.192923508000035,33.49618225200004,7.751515770000026,2468.6826587768273,ssd_admin3.geojson
3,106,Walgak,SS030108,Akobo,SS0301,8.156789739605012,32.20831838345768,32.16058842300009,8.108363942000096,32.263557840000146,8.230796353000073,81.97115902830244,ssd_admin3.geojson
3,107,Ayod,SS030201,Ayod,SS0302,8.240730177668677,31.504881908085235,31.30373448100005,7.928497361000097,31.707559138000192,8.56824894000016,1462.8004687413584,ssd_admin3.geojson
3,108,Kurwai,SS030202,Ayod,SS0302,8.503727926557938,30.730606569087367,30.272247314000083,8.343595980000089,31.160644920000095,8.698143463000122,2374.7072534242297,ssd_admin3.geojson
3,109,Kuach-deng,SS030203,Ayod,SS0302,8.231559909977095,31.24636056537823,31.114332000000104,8.129473920000066,31.421003040000187,8.337133439000127,336.230963365799,ssd_admin3.geojson
3,110,Mogok,SS030204,Ayod,SS0302,8.54193022632179,31.32082491622184,31.090736160000176,8.249235210000109,31.525636473000077,8.814461484999981,1905.9906007667785,ssd_admin3.geojson
3,111,Pagil,SS030205,Ayod,SS0302,8.709846970089057,31.039794141998218,30.782674643000064,8.574609870000131,31.275036910000154,8.848113787000159,1063.905966638757,ssd_admin3.geojson
3,112,Pajiek,SS030206,Ayod,SS0302,7.977309876281504,30.895355581340876,30.40711021400017,7.695336945000065,31.391862840000158,8.241088950000176,4026.2407451859553,ssd_admin3.geojson
3,113,Wau,SS030207,Ayod,SS0302,8.26248322117118,30.701004672203034,30.31436538700018,8.073696791000089,31.38075828100017,8.439180930000134,2279.2705323713444,ssd_admin3.geojson
3,114,Anyidi,SS030301,Bor South,SS0303,6.254990465370997,32.0991904313319,31.662870480000095,6.08205807000013,32.41760122000005,6.462420537000014,1822.5458039729908,ssd_admin3.geojson
3,115,Baidit,SS030302,Bor South,SS0303,6.748537092415828,31.91085341709659,31.41415476000003,6.313052177000031,32.39519466400009,7.097372487000086,4477.386553645248,ssd_admin3.geojson
3,116,Bor,SS030303,Bor South,SS0303,6.240858765434435,31.583257221729994,31.484821320000094,6.134220648000053,31.669899481000186,6.35581575000009,256.12763883364346,ssd_admin3.geojson
3,117,Jalle,SS030304,Bor South,SS0303,6.649216309157626,31.48845872766534,31.313768387000152,6.443572160000031,31.667510881000112,6.807448347000104,950.6535835400967,ssd_admin3.geojson
3,118,Kolnyang,SS030305,Bor South,SS0303,6.0088463949248085,32.08967412164005,31.562099254000145,5.850045157000125,32.51949047800019,6.275573624000117,3155.463498659412,ssd_admin3.geojson
3,119,Makuach,SS030306,Bor South,SS0303,6.597405138714352,32.17883097913057,31.60063980100017,6.231026520000057,32.63217895000014,7.091207905000033,3300.6585431136446,ssd_admin3.geojson
3,120,Alam,SS030401,Canal/Pigi,SS0304,8.975964005017774,31.297733583554525,31.09103343900017,8.788780593000013,31.488174361000176,9.187099290000049,1287.2408843440674,ssd_admin3.geojson
3,121,Atar,SS030402,Canal/Pigi,SS0304,9.268375693068567,31.360082950291595,31.108540596000182,9.074590199000113,31.52023307999997,9.42481589099998,723.9427550147826,ssd_admin3.geojson
3,122,Belewach,SS030403,Canal/Pigi,SS0304,9.140917439818894,31.782262809704214,31.749949440000137,9.08415938100012,31.81536203100012,9.18976463600012,38.73074382096159,ssd_admin3.geojson
3,123,Kaldak,SS030404,Canal/Pigi,SS0304,9.3267468026329,31.511138462034836,31.459611139000117,9.256034970000087,31.558104000000128,9.386623004000114,86.98466139288283,ssd_admin3.geojson
3,124,Korwach,SS030405,Canal/Pigi,SS0304,9.232973752511906,31.19533073604134,31.07562198400018,9.114190687000132,31.33739412000017,9.359934228999975,457.4061167868706,ssd_admin3.geojson
3,125,Mareng,SS030406,Canal/Pigi,SS0304,9.153717985594737,31.612674576867214,31.451132520000158,8.93431800000019,31.80440248000008,9.292549167000175,778.1957157031512,ssd_admin3.geojson
3,126,Nyainthokmalual,SS030407,Canal/Pigi,SS0304,9.302325519090223,31.567356768556397,31.52023307999997,9.256034970000087,31.620001840000157,9.370853013000158,63.10676346342974,ssd_admin3.geojson
3,127,Wunlem,SS030408,Canal/Pigi,SS0304,8.93099979129167,31.636858386092957,31.426787633000117,8.767974220000042,31.82737541200015,9.120220379999978,1003.1139844347389,ssd_admin3.geojson
3,128,Ageer,SS030501,Duk,SS0305,7.432702014285649,31.196065904564037,30.968491217000064,7.300803694000081,31.500004681000064,7.59538539000016,932.2521109944117,ssd_admin3.geojson
3,129,Dongchak,SS030502,Duk,SS0305,7.580197573720125,30.916373030758667,30.49938964800009,7.285166855999989,31.433394240000098,7.827578086000187,3315.8377766211556,ssd_admin3.geojson
3,130,Padiet,SS030503,Duk,SS0305,7.80794720477483,31.33619286414823,31.184692920000145,7.680647970000166,31.44319524100007,7.969612840000025,470.8210463659298,ssd_admin3.geojson
3,131,Payuel,SS030504,Duk,SS0305,7.5385155284387055,31.47572501285365,31.298061960000098,7.417005948000167,31.668474410000158,7.671925170000179,613.6919334419157,ssd_admin3.geojson
3,132,Pagak,SS030505,Duk,SS0305,7.8941046322894906,31.550233726005057,31.40198136000015,7.758712710000111,31.72906768000007,8.037069385000166,680.45327707073,ssd_admin3.geojson
3,133,Panyang,SS030506,Duk,SS0305,7.686072548418525,31.61621151843044,31.417916040000193,7.450016724000022,31.759890590000055,7.934090130000186,872.020762567098,ssd_admin3.geojson
3,134,Manajang,SS030601,Fangak,SS0306,9.341007182004448,30.88639117045544,30.655531800000063,9.158069880000141,31.167959869000015,9.485981941000091,1223.6030347696951,ssd_admin3.geojson
3,135,Mareang,SS030602,Fangak,SS0306,8.78216076922075,30.568539874467174,30.238697052000077,8.570707595000101,30.870615151000152,9.031559400000162,1742.1308531831633,ssd_admin3.geojson
3,136,Old Fangak,SS030603,Fangak,SS0306,9.01490706475312,30.966487538609176,30.745674360000123,8.744893685000022,31.174255297000116,9.316225091000149,1659.0551598191232,ssd_admin3.geojson
3,137,Paguir,SS030604,Fangak,SS0306,9.145632574510392,30.511756813284155,30.2099056240001,8.793423810000093,30.831922441000074,9.519056320000061,3008.1556607533657,ssd_admin3.geojson
3,138,Phom,SS030605,Fangak,SS0306,9.394003592336977,31.138977683715897,31.11237288000018,9.362147409000158,31.175678785000116,9.416443507000054,22.541798370025788,ssd_admin3.geojson
3,139,Chuil,SS030701,Nyirol,SS0307,8.795625924666306,32.390768534254974,32.174526960000094,8.54279181000004,32.616096175,9.097136589000058,1453.07251735559,ssd_admin3.geojson
3,140,Nyambor,SS030702,Nyirol,SS0307,8.566214237930525,31.720799984124405,31.491731272000038,8.311084325000081,31.99599627400005,8.775262022000163,881.0896063141981,ssd_admin3.geojson
3,141,Pading,SS030703,Nyirol,SS0307,8.414218459281253,31.800776718000268,31.53268532200019,8.237820165000187,31.989767563999976,8.54362296000005,600.1707261878549,ssd_admin3.geojson
3,142,Pulturuk,SS030704,Nyirol,SS0307,8.701114526569276,31.823887629428498,31.537379520000115,8.5135527,32.03962560000019,8.874269813000183,1069.0931030719325,ssd_admin3.geojson
3,143,Thol,SS030705,Nyirol,SS0307,8.517743374906397,32.29112534740643,31.973101920000033,8.216244128000142,32.64478940000009,8.890461371000129,2672.0937061199998,ssd_admin3.geojson
3,144,Waat,SS030706,Nyirol,SS0307,8.223985977054493,32.13514962071614,32.06503740100004,8.037471248000088,32.21253005600016,8.397863910000126,401.0354283805615,ssd_admin3.geojson
3,145,Boma,SS030801,Pibor,SS0308,6.4616985436319645,34.61752159285215,34.35092415500003,6.15664962000011,34.94596862800012,6.759721226000067,2895.049441322146,ssd_admin3.geojson
3,146,Gumuruk,SS030802,Pibor,SS0308,6.514021244831779,32.655773508254306,32.38867795900012,5.850193738000087,32.98989744100015,7.024208452000039,4470.67779167487,ssd_admin3.geojson
3,147,Kiziongora,SS030803,Pibor,SS0308,6.161778367214237,33.98741327361424,33.566065921000074,5.720879300000092,34.46167032100004,6.729850332000183,6668.988573207173,ssd_admin3.geojson
3,148,Lekuangole,SS030804,Pibor,SS0308,7.114207547371906,32.89026868898038,32.57829024500012,6.848175060000187,33.24181854000017,7.399437007000188,2833.731430977007,ssd_admin3.geojson
3,149,Marow,SS030805,Pibor,SS0308,6.567661398942013,34.11312886299736,33.64587036100005,6.286396770000181,34.447669200000064,6.782978803000162,2247.2977684933976,ssd_admin3.geojson
3,150,Mewun,SS030806,Pibor,SS0308,6.101231062811169,34.72306445768018,34.39707804100004,5.805276436000099,35.021284045000186,6.545789727000056,2530.528685752804,ssd_admin3.geojson
3,151,Pibor,SS030807,Pibor,SS0308,6.679618985114995,33.36510065224917,32.92156188100017,6.142949010000166,33.637807800000076,7.047984882000151,3612.6230694003725,ssd_admin3.geojson
3,152,Verteth,SS030808,Pibor,SS0308,6.159178661051364,33.15861181616676,32.604896881000116,5.750214529000175,33.93966956000014,6.752031030000069,7791.0113544786,ssd_admin3.geojson
3,153,Adongo,SS030901,Pochalla,SS0309,7.159355784939198,33.58849490201931,33.21596486800013,6.949438200000031,34.05949992,7.371696388999965,2680.801721621704,ssd_admin3.geojson
3,154,Akiela,SS030902,Pochalla,SS0309,6.8432080906834605,34.39816261575847,34.241852880000124,6.728435775000094,34.54343414300013,7.0109858510001,508.0452509613715,ssd_admin3.geojson
3,155,Burator,SS030903,Pochalla,SS0309,7.3845817573605235,33.84827448340073,33.6294,7.258598328000119,34.04116058300008,7.583405409000022,949.7235331733233,ssd_admin3.geojson
3,156,Omiela,SS030904,Pochalla,SS0309,7.524991762449318,33.621015711316666,33.461315233,7.318605060000039,33.82572193300018,7.738244534000103,1033.3407092365471,ssd_admin3.geojson
3,157,Pochalla,SS030905,Pochalla,SS0309,6.9008962100027,33.9663542536799,33.52912563600012,6.672016327,34.34880384100012,7.225982189000035,3089.221830754342,ssd_admin3.geojson
3,158,Ajuong,SS031001,Twic East,SS0310,7.110094627836224,31.033582192601497,30.692350388000193,6.857603478000101,31.444727041000135,7.319297440000128,1858.7759765752612,ssd_admin3.geojson
3,159,Kongor,SS031002,Twic East,SS0310,7.180547022783566,31.33370878686868,31.14358992100017,7.091571060000149,31.535091001000183,7.27574211000001,464.65779176486546,ssd_admin3.geojson
3,160,Lith,SS031003,Twic East,SS0310,7.31676665202203,31.458026370430627,31.13144358400018,7.182334079999976,31.72273097800013,7.448753663000048,1180.8855413771619,ssd_admin3.geojson
3,161,Nyuak,SS031004,Twic East,SS0310,7.09109360847255,31.47946548197651,31.14406476100004,6.968586060000177,31.76137655499997,7.253156167999975,1113.201600115865,ssd_admin3.geojson
3,162,Pakeer,SS031005,Twic East,SS0310,6.877338546227852,31.468329937446356,31.13085035800009,6.631059647000029,31.78965010600018,7.100420781000025,1326.3793042394095,ssd_admin3.geojson
3,163,Karam,SS031101,Uror,SS0311,8.23203924755615,31.790635756169056,31.588876079999977,8.12205800999999,31.995458280000094,8.367276388000107,700.4909479769323,ssd_admin3.geojson
3,164,Motot,SS031102,Uror,SS0311,8.240381894513977,32.037675686591115,31.968216972000164,8.102305800000124,32.10818947700017,8.348782641000128,269.7332715393327,ssd_admin3.geojson
3,165,Pathai,SS031103,Uror,SS0311,8.067454363922787,31.741439112613147,31.525636473000077,7.941306330000032,31.9665070800001,8.207067881000171,773.339562425926,ssd_admin3.geojson
3,166,Payai,SS031104,Uror,SS0311,7.452153341525377,32.10221925161255,31.877634960000194,7.047162729000092,32.565991172000054,8.025458938999975,3306.7284335430245,ssd_admin3.geojson
3,167,Pieri,SS031105,Uror,SS0311,7.622744681502494,32.38239134806841,31.956010560000095,7.074336784000025,32.77088204600017,8.126893530000075,4609.147003726656,ssd_admin3.geojson
3,168,Puolchuol,SS031106,Uror,SS0311,8.10736810246481,31.959395808681663,31.904972640000096,8.028518040000051,32.01533244000012,8.201115180000158,118.04288740511684,ssd_admin3.geojson
3,169,Tiam,SS031107,Uror,SS0311,7.382278242240431,31.832449674502957,31.667421860000104,7.019133855000177,32.04698525700013,7.923831210000117,2036.1592525367712,ssd_admin3.geojson
3,170,Uror,SS031108,Uror,SS0311,7.87083808932495,31.823022359530224,31.68634835200004,7.733969910000098,31.90794984000007,7.987167899000099,357.2262520722571,ssd_admin3.geojson
3,171,Abuyong,SS040101,Awerial,SS0401,6.399985292416278,31.244283471917562,31.01284380300001,6.293002050000155,31.468164444000024,6.504231029000152,673.0189918503615,ssd_admin3.geojson
3,172,Alel II,SS040102,Awerial,SS0401,6.240168965793445,30.94354279838784,30.831287848000045,6.200453070000094,31.05270576000015,6.295005612000182,122.5294009624057,ssd_admin3.geojson
3,173,Bun-agok,SS040103,Awerial,SS0401,6.146127930465224,30.93942646262305,30.61187918200011,6.004333080000094,31.174105680000082,6.333438350000051,897.1568500677002,ssd_admin3.geojson
3,174,Dor,SS040104,Awerial,SS0401,6.005282708313686,31.23279562313135,31.057346152000036,5.89479471900006,31.365843840000082,6.17045706000016,494.5292625476405,ssd_admin3.geojson
3,175,Magok,SS040105,Awerial,SS0401,6.009537984646202,31.090838076833272,30.90210779500012,5.907593502000111,31.27986,6.102316080000151,387.67343027860073,ssd_admin3.geojson
3,176,Nile,SS040106,Awerial,SS0401,6.190425432168904,31.42283460073637,31.24148004100016,6.055275420000157,31.597515078000185,6.353870356000073,770.8499361153642,ssd_admin3.geojson
3,177,Puluk,SS040107,Awerial,SS0401,5.973082236411735,31.493445575988392,31.292439579000018,5.87275268000019,31.69731703800005,6.099823800000138,727.853037944975,ssd_admin3.geojson
3,178,Alel I,SS040108,Awerial,SS0401,6.253326894608775,31.21007404476027,31.06844280100006,6.150178440000047,31.344154201000038,6.349914270000113,455.04989990959916,ssd_admin3.geojson
3,179,Abiriu,SS040201,Cueibet,SS0402,6.881361799734792,29.354093460301478,29.23765685800015,6.68122848500019,29.52588478100006,7.101490950000027,619.5940979209518,ssd_admin3.geojson
3,180,Citcok,SS040202,Cueibet,SS0402,7.334647051940248,29.25542975455875,29.078418199,7.094023740000011,29.455997688000025,7.510799042000087,1008.0852105341017,ssd_admin3.geojson
3,181,Duony,SS040203,Cueibet,SS0402,7.0037928601401935,29.39333976156428,29.28135888000014,6.754052250000143,29.544910584000093,7.149711060000072,469.43100624276997,ssd_admin3.geojson
3,182,Malou Pec,SS040204,Cueibet,SS0402,7.0664562272524005,29.06060310447791,28.86548733100011,6.805083155000148,29.271321001000103,7.42095644300008,1649.579803766232,ssd_admin3.geojson
3,183,Ngap,SS040205,Cueibet,SS0402,6.837907494980522,29.20008178591822,29.10294828100018,6.700010045000056,29.27861748000015,6.98178564,293.4944061580331,ssd_admin3.geojson
3,184,Pagor,SS040206,Cueibet,SS0402,7.20559222285994,29.43588730764767,29.232435240000143,7.082842320000168,29.59669235399997,7.360971016000121,597.7586363419019,ssd_admin3.geojson
3,185,Ngap 1,SS040207,Cueibet,SS0402,6.773870058617973,29.057168284300325,28.96375805200006,6.690149256000097,29.15298288000014,6.865932059999977,224.374456183149,ssd_admin3.geojson
3,186,Amongpiny,SS040301,Rumbek Centre,SS0403,7.039952744850036,29.992213941731432,29.696614921,6.725256133000073,30.22304189300013,7.295730693,1248.7132042791397,ssd_admin3.geojson
3,187,Jiir,SS040302,Rumbek Centre,SS0403,6.775784076193725,29.688167463549885,29.59163612400016,6.669128904000104,29.780560440000045,6.878050110000061,149.47682773917515,ssd_admin3.geojson
3,188,Malek 2,SS040303,Rumbek Centre,SS0403,7.216680609307445,29.705178588130384,29.55200342500018,7.098464395000178,29.867387225000073,7.306001182999978,470.36427410508065,ssd_admin3.geojson
3,189,Matangai,SS040304,Rumbek Centre,SS0403,6.860150369767484,29.56822412385986,29.373856757999988,6.666650455000138,29.76422004,7.080668720000119,976.3973134518029,ssd_admin3.geojson
3,190,Mayom,SS040305,Rumbek Centre,SS0403,7.0886769756504195,29.786146731775904,29.51704422100005,6.840823230000126,30.018142942,7.283092851000106,1008.412724219106,ssd_admin3.geojson
3,191,Aduel,SS040401,Rumbek East,SS0404,6.492126899262979,29.826660793620963,29.7161938430001,6.375089863000142,29.92891788000003,6.658042500000136,410.9523228314993,ssd_admin3.geojson
3,192,Akot,SS040402,Rumbek East,SS0404,6.513514409113038,30.018155359383627,29.923977241000102,6.412726926000175,30.140244601000177,6.58488469100007,207.0774945177121,ssd_admin3.geojson
3,193,Atiaba,SS040403,Rumbek East,SS0404,6.608544796765018,29.92831848444379,29.853237240000055,6.444383670000036,29.996287200000154,6.745680810000124,292.4107458464286,ssd_admin3.geojson
3,194,Cueicok,SS040404,Rumbek East,SS0404,6.732054604614729,29.793407029411384,29.567536294000092,6.587743590000059,29.996812080000097,6.892454224000119,409.4518351305766,ssd_admin3.geojson
3,195,Maleng-agok,SS040405,Rumbek East,SS0404,6.620998146879244,29.69865342210286,29.597200437000026,6.543778491000126,29.78146188000005,6.716347560000088,127.18406994341906,ssd_admin3.geojson
3,196,Pacong,SS040406,Rumbek East,SS0404,6.638386763774587,29.798598072219196,29.684160532000078,6.493556886000079,29.951793001000112,6.754691610000123,252.11463821493368,ssd_admin3.geojson
3,197,Paloc,SS040407,Rumbek East,SS0404,6.8230060209099985,30.1667014227904,29.977147080000123,6.545589750000147,30.37128601500018,7.114349577000041,1867.5610004557057,ssd_admin3.geojson
3,198,Aloor,SS040501,Rumbek North,SS0405,7.781470900392621,29.67031481564653,29.596062516000075,7.739597430000174,29.731975920000025,7.832605447000049,70.64269419599812,ssd_admin3.geojson
3,199,Madol,SS040502,Rumbek North,SS0405,7.743084486433439,29.827516100028816,29.686086720000105,7.661886480000021,29.969240904,7.82724057900009,385.26040836507434,ssd_admin3.geojson
3,200,Malueeth,SS040503,Rumbek North,SS0405,7.603133855633566,29.498972825977727,29.212361633000057,7.481928060000143,29.709361081000168,7.752027740000131,983.4681159842146,ssd_admin3.geojson
3,201,Maper,SS040504,Rumbek North,SS0405,7.7020238054440915,29.72150314513926,29.67710184000009,7.679023200000017,29.760081121000155,7.735067819999983,30.782680549068626,ssd_admin3.geojson
3,202,Mayen,SS040505,Rumbek North,SS0405,7.449661910959963,29.764738524934764,29.170109587000127,7.249771640000063,30.144180539000047,7.696823622000068,2574.5425824850754,ssd_admin3.geojson
3,203,Wun-rieng,SS040506,Rumbek North,SS0405,7.655203679196224,29.713506797037713,29.6654094000001,7.619675040000118,29.765247481000017,7.684633620000056,59.195630737475575,ssd_admin3.geojson
3,204,Bargel,SS040601,Wulu,SS0406,6.334251326678868,28.99039896982857,28.462971108999966,5.777971163000132,29.591152627000042,6.762448936000169,5627.617610859562,ssd_admin3.geojson
3,205,Domoloto,SS040602,Wulu,SS0406,6.021029405107687,29.365818864503105,28.893025021000085,5.675484415000085,29.792371032000062,6.439227660000142,5329.487548505985,ssd_admin3.geojson
3,206,Makundi,SS040603,Wulu,SS0406,6.346091387591076,29.885031182593234,29.786153760000104,6.254863827000179,29.97363854800011,6.42168435800005,161.93656979958755,ssd_admin3.geojson
3,207,Wulu,SS040604,Wulu,SS0406,6.444226939919252,29.601102838263518,29.316729599999974,6.294459240000094,29.809615321000024,6.59459342100007,724.4911066277696,ssd_admin3.geojson
3,208,Adior,SS040701,Yirol East,SS0407,6.9280988668297745,30.82015957926435,30.602254965000043,6.70973733000011,31.109973857,7.214353085000084,1672.9775641884096,ssd_admin3.geojson
3,209,Lekakedu,SS040702,Yirol East,SS0407,6.679685885638345,30.598013457619324,30.478378247000023,6.591677732000164,30.761939881000103,6.778618290000054,216.07978756023635,ssd_admin3.geojson
3,210,Malek,SS040703,Yirol East,SS0407,6.612548514600565,31.059520672418124,30.729613512000128,6.333438350000051,31.377831358000037,6.875117321000175,2039.86896613276,ssd_admin3.geojson
3,211,Pagarau,SS040704,Yirol East,SS0407,6.878295340842658,30.4137929745534,30.319346108000104,6.675621599000067,30.551008680000166,7.082087566000098,699.9323784780047,ssd_admin3.geojson
3,212,Tinagau,SS040705,Yirol East,SS0407,6.939708538152012,30.57242193358561,30.452776561000064,6.67646703000014,30.690951481000184,7.175790990000053,805.1391282985433,ssd_admin3.geojson
3,213,Yali,SS040706,Yirol East,SS0407,6.664175434791223,30.449121679837052,30.37211351200017,6.592768535000118,30.512320561000024,6.736019040000031,134.58501272605216,ssd_admin3.geojson
3,214,Abang,SS040801,Yirol West,SS0408,6.5883513141770935,30.589439139358937,30.415264560000026,6.486688620000052,30.72892788000007,6.678574650000087,289.1112012210397,ssd_admin3.geojson
3,215,Aluakluak,SS040802,Yirol West,SS0408,6.449091725153831,30.054905164524154,29.9528127910001,6.387285046999978,30.16786104000016,6.533555225000157,173.51821508077532,ssd_admin3.geojson
3,216,Anuol,SS040803,Yirol West,SS0408,6.203875891576173,30.372254251972798,30.170625252000036,6.081249592000063,30.614000401000055,6.359970150000095,1022.6413110875931,ssd_admin3.geojson
3,217,Geng-geng,SS040804,Yirol West,SS0408,6.408439794460335,30.728675299279708,30.3999303600001,6.214731537000148,31.01284380300001,6.691641363000031,1881.38646635681,ssd_admin3.geojson
3,218,Gher,SS040805,Yirol West,SS0408,6.477724586169202,30.228443225661856,30.10508330000016,6.305758470000114,30.346606080000186,6.64022206500016,662.4127857061507,ssd_admin3.geojson
3,219,Mapuordit,SS040806,Yirol West,SS0408,6.330849408934148,30.11496337177103,29.96749605000008,6.200354790000176,30.236849640000116,6.413223586000072,175.25780303009236,ssd_admin3.geojson
3,220,Yirol,SS040807,Yirol West,SS0408,6.490348996830595,30.401997714758128,30.25878125900016,6.318316170000116,30.531913920000136,6.68122848500019,654.3763637822711,ssd_admin3.geojson
3,221,Abul,SS050101,Aweil Centre,SS0501,8.174909873350131,26.92872727426236,26.523783468000033,7.892373008000106,27.341462747000037,8.489916090000065,2893.0210826478856,ssd_admin3.geojson
3,222,Achana,SS050102,Aweil Centre,SS0501,8.433608070488122,26.508363579199237,26.214245531000188,8.060860613000102,26.818404841000074,8.808547948000182,3401.306186324471,ssd_admin3.geojson
3,223,Aroyo,SS050103,Aweil Centre,SS0501,8.568299373287697,26.934557885022542,26.76515400000011,8.337978810000038,27.134225892000075,8.822134725000183,1166.1112386026073,ssd_admin3.geojson
3,224,Awiil,SS050104,Aweil Centre,SS0501,8.690662229458313,27.364906546760306,27.32116104000005,8.623749960000112,27.437611392000065,8.757693724000148,86.59998146272972,ssd_admin3.geojson
3,225,Bahr Mayen,SS050105,Aweil Centre,SS0501,8.429904945446935,27.57199329022411,27.372002761000033,8.254037427000128,27.80735756400003,8.64659223000001,894.634072462627,ssd_admin3.geojson
3,226,Chel South,SS050106,Aweil Centre,SS0501,8.767921260613521,26.749905122580657,26.5850140820001,8.569828980000125,26.942023986000038,8.960798791000173,967.9338163017547,ssd_admin3.geojson
3,227,Nyalath,SS050107,Aweil Centre,SS0501,8.475450781231391,27.27988618037028,27.03553164100009,8.195544641000083,27.510294193999982,8.757093592000047,1747.141276661724,ssd_admin3.geojson
3,228,Baach,SS050201,Aweil East,SS0502,9.344177153601967,27.557566949331378,27.351225720000173,8.812349014000063,27.696034081000107,9.622568835000152,1421.654387679642,ssd_admin3.geojson
3,229,Madhol,SS050202,Aweil East,SS0502,9.205550831426516,27.70736777157725,27.62721144000011,8.794508833000066,27.81470916000012,9.607703917000151,994.721983986623,ssd_admin3.geojson
3,230,Malual-bai,SS050203,Aweil East,SS0502,9.266394972951993,27.854506195896843,27.68706828100011,8.857934183000168,28.036059964000174,9.609677834000138,1753.2470159137501,ssd_admin3.geojson
3,231,Mangar-tong I,SS050204,Aweil East,SS0502,9.318216525092962,27.44384210278141,27.305325826000058,8.988501419999977,27.600310441000147,9.624617998000133,472.2539081140471,ssd_admin3.geojson
3,232,Mangok,SS050205,Aweil East,SS0502,9.065654309260696,27.378863660630163,27.248298836000174,8.842317196000067,27.44916768100012,9.329854500000124,314.7999307970649,ssd_admin3.geojson
3,233,Wunlang,SS050206,Aweil East,SS0502,9.190507034516077,27.41895116020327,27.277043040000137,8.789586750000012,27.57824496000012,9.532345140000018,584.1911013933731,ssd_admin3.geojson
3,234,Yargot,SS050207,Aweil East,SS0502,9.302363853412738,27.32907403360855,27.17950640400005,8.816038646000038,27.515247121000073,9.625693321000028,531.709664171366,ssd_admin3.geojson
3,235,Mayom-wel,SS050208,Aweil East,SS0502,8.805636753760881,27.54793634302331,27.420626842000047,8.73215009900008,27.665521326000146,8.902911600000039,294.95589223165706,ssd_admin3.geojson
3,236,Ariath,SS050301,Aweil North,SS0503,9.204340994974302,27.163446896819856,27.060248111000192,9.037009311000133,27.245702161000168,9.354317670000057,316.85492596188715,ssd_admin3.geojson
3,237,Malual Centre,SS050302,Aweil North,SS0503,9.373902167223562,27.011145192137096,26.892574201000116,9.161942429000021,27.162522,9.609287578000021,752.9223281022154,ssd_admin3.geojson
3,238,Malual East,SS050303,Aweil North,SS0503,9.299669561081492,27.210038815510597,26.986866121000105,8.91569326399997,27.381132978000096,9.625513105000039,1054.606530322869,ssd_admin3.geojson
3,239,Malual North,SS050304,Aweil North,SS0503,9.346094701338481,26.850724260695998,26.676554400000157,9.118774251000161,27.021038065000084,9.562065910000115,819.2782928810901,ssd_admin3.geojson
3,240,Malual West,SS050305,Aweil North,SS0503,9.346398553750667,26.448742227736012,26.15020536100019,8.996135407000054,26.88013296100013,9.895780794000132,3399.1524843904267,ssd_admin3.geojson
3,241,Ayai,SS050401,Aweil South,SS0504,8.774256100463209,27.681402667002022,27.62655948000014,8.728106760000117,27.742950000000178,8.834002698000063,83.17318398985908,ssd_admin3.geojson
3,242,Gakrol,SS050402,Aweil South,SS0504,8.551703989909456,27.678690908566118,27.55581588000007,8.448166709000134,27.80101709600018,8.706471120000174,266.58377601901424,ssd_admin3.geojson
3,243,Nyieth,SS050403,Aweil South,SS0504,8.80086050124816,27.790532743291628,27.709320960000184,8.733024900000089,27.848841480000146,8.882109401000093,117.17877243293478,ssd_admin3.geojson
3,244,Nyocawany I,SS050404,Aweil South,SS0504,8.716849432690713,27.529407558305632,27.399840598000026,8.664958633000083,27.690575040000112,8.769925593000153,163.3717755283982,ssd_admin3.geojson
3,245,Nyocawany II,SS050405,Aweil South,SS0504,8.543336822964914,27.576352822865466,27.512713094000105,8.416199178,27.661982040000055,8.636064750000116,166.36327880958382,ssd_admin3.geojson
3,246,Panthou,SS050406,Aweil South,SS0504,8.716130436783772,27.783809544339462,27.68689512100019,8.668575720000149,27.881000641000128,8.77551795,157.4757676375876,ssd_admin3.geojson
3,247,Tar-weng,SS050407,Aweil South,SS0504,8.602054987574332,27.83506433562188,27.658353600000055,8.49422880800006,27.96326572600003,8.69371956000009,453.7314607571319,ssd_admin3.geojson
3,248,Tiar-aleit,SS050408,Aweil South,SS0504,8.795017452820193,27.913958505775078,27.824788441000123,8.677285632000121,27.999467579,8.915276814000151,347.0449064147801,ssd_admin3.geojson
3,249,Wathmuok,SS050409,Aweil South,SS0504,8.65685230213502,27.55445650788821,27.417931493000026,8.599211639999965,27.68540040100015,8.715572910000105,221.95993628745202,ssd_admin3.geojson
3,250,Achana 2,SS050501,Aweil West,SS0505,8.901785776115684,26.290532671071748,26.13630537500012,8.603445375999968,26.522011801000076,9.208876297000018,1618.560081108898,ssd_admin3.geojson
3,251,Aweil Town,SS050502,Aweil West,SS0505,8.764003635881531,27.394618116745768,27.363254041,8.73666231300001,27.424739596000165,8.792852304,25.481099102327367,ssd_admin3.geojson
3,252,Ayat Centre,SS050503,Aweil West,SS0505,8.994022367567785,26.655605483152957,26.562986280000075,8.808547948000182,26.769949920000045,9.137481871000091,406.71123499181414,ssd_admin3.geojson
3,253,Ayat East,SS050504,Aweil West,SS0505,9.071760599843909,26.81718935015084,26.7102752400001,8.968039199999964,26.968206961000078,9.145796369000095,210.6724915336553,ssd_admin3.geojson
3,254,Ayat West,SS050505,Aweil West,SS0505,8.966972049300464,26.49566678778426,26.350209001,8.792947625000181,26.61206292000014,9.093830757000092,500.5280775612277,ssd_admin3.geojson
3,255,Gomjuer Centre,SS050506,Aweil West,SS0505,9.063749982302875,27.00222175279211,26.890941961000067,8.910187560000054,27.100518673000067,9.172818486999972,331.2197027092794,ssd_admin3.geojson
3,256,Gomjuer East,SS050507,Aweil West,SS0505,9.026840693340063,27.120278719231628,26.98639380000003,8.915015250000181,27.224672025000075,9.14995361800004,311.30356952637135,ssd_admin3.geojson
3,257,Gomjuer West,SS050508,Aweil West,SS0505,8.96464250416711,26.834694760998705,26.695846080000138,8.86518206500017,26.96187060000011,9.089556210000183,390.1207188523306,ssd_admin3.geojson
3,258,Mariem East,SS050509,Aweil West,SS0505,8.795580269257538,27.30822668165789,27.165076920000047,8.703049356,27.43101996400003,8.906754554999964,324.63796723525303,ssd_admin3.geojson
3,259,Mariem West,SS050510,Aweil West,SS0505,8.854832505103943,27.127205464694175,26.927184389000104,8.682263112000044,27.36939600000011,9.019719103000057,888.6167412103096,ssd_admin3.geojson
3,260,Abiemnhom,SS060101,Abiemnhom,SS0601,9.39506746393608,28.876674516681256,28.767907640000146,9.306363709000095,29.035869752,9.51190495100019,415.7022124788183,ssd_admin3.geojson
3,261,Aworpiny,SS060102,Abiemnhom,SS0601,9.490732121739404,29.053841859226427,28.83106046100005,9.362605907000102,29.25707112100008,9.608333218000098,696.2587335020945,ssd_admin3.geojson
3,262,Manjonga,SS060103,Abiemnhom,SS0601,9.622635437643009,29.35804520715424,29.236449202000074,9.440402282000093,29.538087542000085,9.750135421000095,682.4661422359028,ssd_admin3.geojson
3,263,Panyang 2,SS060104,Abiemnhom,SS0601,9.646149750083202,29.132052060990734,28.934178125000187,9.535219289999986,29.280865320000146,9.753942489000167,613.399967471365,ssd_admin3.geojson
3,264,Guit,SS060201,Guit,SS0602,9.167812266649094,29.9119655832482,29.854561320000187,9.100947150000138,29.975753520000126,9.215127450000068,103.01213500056072,ssd_admin3.geojson
3,265,Kedad,SS060202,Guit,SS0602,9.136164824022664,30.162910204824094,29.927458080000065,9.002290684000172,30.392887115000065,9.265600710000058,1025.814280801968,ssd_admin3.geojson
3,266,Kuach,SS060203,Guit,SS0602,8.965690408755053,30.008485945544276,29.812326241000164,8.843455430000063,30.24940490700004,9.183827334000057,779.8500610963927,ssd_admin3.geojson
3,267,Kuerguini,SS060204,Guit,SS0602,9.251990812108595,29.906233305329465,29.827333270000054,9.181897200000037,29.99613996000005,9.31363605000007,162.92695482358448,ssd_admin3.geojson
3,268,Niemni,SS060205,Guit,SS0602,9.353667609550623,30.17397021052725,30.00580632100008,9.237889980000148,30.379927866000116,9.492489676,855.1691365836724,ssd_admin3.geojson
3,269,Nyathoar,SS060206,Guit,SS0602,9.326281458891293,29.97221403321961,29.871434520000037,9.183757590000141,30.02995332000006,9.441611010000088,210.7249105395558,ssd_admin3.geojson
3,270,Wathnyona,SS060207,Guit,SS0602,9.424725412101255,29.900463427807107,29.816559908000045,9.296242650000124,30.026944015000026,9.553384204000167,316.68379116970834,ssd_admin3.geojson
3,271,Boaw,SS060301,Koch,SS0603,8.755472391686194,29.809406210479967,29.60422635700013,8.614458900000159,29.979046080000046,8.917275162000124,790.6944919617499,ssd_admin3.geojson
3,272,Gany,SS060302,Koch,SS0603,8.531088914651084,29.85887818431019,29.671785001000103,8.452102950000096,30.04348500100008,8.61697791000006,464.5296411785448,ssd_admin3.geojson
3,273,Jaak,SS060303,Koch,SS0603,8.739028836363909,30.088683786810652,29.913341760000037,8.526962880000042,30.265506744000163,8.917847633000179,983.5483460062733,ssd_admin3.geojson
3,274,Kuachlual,SS060304,Koch,SS0603,8.602709226362009,29.981207803715247,29.899196281000116,8.555027940000116,30.052032841000027,8.651257920000091,86.04683271357133,ssd_admin3.geojson
3,275,Ngony,SS060305,Koch,SS0603,8.561671283722667,30.177226314172305,30.002441400000066,8.441481798999973,30.32340621900005,8.711786270000118,435.6186537037435,ssd_admin3.geojson
3,276,Norbor,SS060306,Koch,SS0603,8.411363842425523,29.810138957385735,29.616773029000115,8.286864176000108,30.019316041000025,8.493923610000024,531.022834878372,ssd_admin3.geojson
3,277,Pakur,SS060307,Koch,SS0603,8.632128002552818,29.567888937283612,29.27410228600013,8.434493362000069,29.763798841000096,8.8236387,1105.1267950924657,ssd_admin3.geojson
3,278,Padeah,SS060401,Leer,SS0604,8.401745907044067,30.281066071348334,30.17722428000019,8.34169815000007,30.380514145000063,8.48004202200002,220.0638441003288,ssd_admin3.geojson
3,279,Adok,SS060402,Leer,SS0604,8.277686405951581,30.27805797685142,30.164013,8.178615722000131,30.355291367000177,8.344898369000134,223.27722467609954,ssd_admin3.geojson
3,280,Bou,SS060403,Leer,SS0604,8.343235694727753,30.187673277845743,30.162054600000033,8.29868625,30.215635920000125,8.400486510000064,32.25971065565689,ssd_admin3.geojson
3,281,Guat,SS060404,Leer,SS0604,8.384879773340721,30.152709780379546,30.12511327699997,8.325844920000065,30.18935129700003,8.43611931700002,39.47689570069121,ssd_admin3.geojson
3,282,Juong Kang,SS060405,Leer,SS0604,8.332255276043329,30.15337242402433,30.102840002000164,8.296256070000027,30.18966156100015,8.367079410000144,28.4596217784693,ssd_admin3.geojson
3,283,Leer,SS060406,Leer,SS0604,8.259560213717275,30.108829073152872,30.06211251400009,8.18581172100005,30.164016600000025,8.331166681000127,79.7465521676477,ssd_admin3.geojson
3,284,Pilieny,SS060407,Leer,SS0604,8.102110537895856,30.134277942502724,30.0367105200001,7.897231162000082,30.208885920000114,8.292253590000144,355.22725176596,ssd_admin3.geojson
3,285,Yang,SS060408,Leer,SS0604,8.0599175596196,30.266770639447564,30.093732721000038,7.897524626000063,30.455654144,8.25685299000014,632.4303916443027,ssd_admin3.geojson
3,286,Pabuong,SS060501,Mayendit,SS0605,7.929816757201476,29.889014501102857,29.686708087000113,7.69160196200005,30.10021550400006,8.1315153,1196.0979440803892,ssd_admin3.geojson
3,287,Bor 2,SS060502,Mayendit,SS0605,8.117385187163228,30.0461133999923,29.943902520000165,8.015883660000043,30.127734332000045,8.223223414000074,288.0070015914492,ssd_admin3.geojson
3,288,Dablual,SS060503,Mayendit,SS0605,8.293923150565355,30.02890522556123,29.957979600000158,8.203965930000095,30.106566003000182,8.389155149000146,192.82660039334104,ssd_admin3.geojson
3,289,Luom,SS060504,Mayendit,SS0605,8.479109919175594,30.243644693920782,30.10222800100007,8.376742306000097,30.353906201000143,8.557779275000144,181.1981366921273,ssd_admin3.geojson
3,290,Maal,SS060505,Mayendit,SS0605,8.12941329015549,29.79203962710725,29.669890844000122,7.994518356000128,30.007604160000028,8.236427935999984,465.4644122458302,ssd_admin3.geojson
3,291,Rubkuay,SS060506,Mayendit,SS0605,8.404363416294,30.08378508003338,29.99165616000016,8.354785680000077,30.159628920000046,8.466633191000028,72.51703520421262,ssd_admin3.geojson
3,292,Thaker,SS060507,Mayendit,SS0605,8.41055458011577,30.030780140993425,29.93836465300018,8.346227670000076,30.097117037000146,8.458191857000031,74.69378024599119,ssd_admin3.geojson
3,293,Tharjiath,SS060508,Mayendit,SS0605,8.268965537013791,29.83940886106166,29.66638458200009,8.16936129000004,30.004534801000034,8.365603072,563.2080891419778,ssd_admin3.geojson
3,294,Tutnyang,SS060509,Mayendit,SS0605,8.358146486362239,30.10429379450942,30.056772601000148,8.32794482700018,30.13567019600015,8.385263730000133,27.307976464353285,ssd_admin3.geojson
3,295,Bieh,SS060601,Mayom,SS0606,9.14304085867524,28.794378151089514,28.69472287300016,9.02795665400015,28.836223201000166,9.307467412000051,129.22724895164865,ssd_admin3.geojson
3,296,Kuerbuone,SS060602,Mayom,SS0606,9.202714798191266,29.286277843510607,29.091209400000082,8.847885870000027,29.474327880000033,9.455220112000063,769.5907670845216,ssd_admin3.geojson
3,297,Kueryiek,SS060603,Mayom,SS0606,9.160996498738605,28.850283850838697,28.76118732000009,9.029470815000082,28.915357681000103,9.312974706000091,215.69232241270993,ssd_admin3.geojson
3,298,Mankien,SS060604,Mayom,SS0606,9.065504462172315,29.068564365805532,28.98757764000004,8.951338711000119,29.145111480000082,9.145145520000142,143.33061887944874,ssd_admin3.geojson
3,299,Ngop 2,SS060605,Mayom,SS0606,9.140214296883675,28.954027860338453,28.876447800000108,9.064842750000139,29.03897772000016,9.212293170000066,169.04191028339878,ssd_admin3.geojson
3,300,Pup,SS060606,Mayom,SS0606,9.27904676981175,29.058213932076196,28.8781732810001,9.122561190000056,29.236449202000074,9.440414761000113,682.9439281497292,ssd_admin3.geojson
3,301,Riak,SS060607,Mayom,SS0606,8.856470431535094,29.320496192108667,29.13459084100009,8.69557583400018,29.585023144000104,9.063720450000176,900.9210105899589,ssd_admin3.geojson
3,302,Ruathnyibuol,SS060608,Mayom,SS0606,9.064320467729052,28.92136966544961,28.868817240000055,9.031982520000156,28.99389564,9.113153760000046,84.57290298633787,ssd_admin3.geojson
3,303,Wangbuor II,SS060609,Mayom,SS0606,8.827686373593924,29.57510334488889,29.53664748000017,8.762889863000112,29.606993460000183,8.887941572999978,71.16850172924323,ssd_admin3.geojson
3,304,Wangbuor I,SS060610,Mayom,SS0606,8.89149455092096,29.18267080175328,29.141653652000173,8.831921443999988,29.210437081000123,8.954143290000047,26.079771225064597,ssd_admin3.geojson
3,305,Wangbuor III,SS060611,Mayom,SS0606,9.199231208265005,29.270515629053317,29.103336000000184,9.087457500000085,29.442582720000132,9.315416297000013,294.0731765726575,ssd_admin3.geojson
3,306,Wangkei,SS060612,Mayom,SS0606,9.064776504534068,29.403112624850806,29.215249561000064,8.825514749999968,29.548864800000104,9.273011281000095,773.7753678897417,ssd_admin3.geojson
3,307,Ganyliel,SS060701,Panyijiar,SS0607,7.390073631216054,30.535264320075953,30.430470241000023,7.330081680000148,30.643127102999983,7.453581472000053,160.43945489031236,ssd_admin3.geojson
3,308,Kol,SS060702,Panyijiar,SS0607,7.621877454038911,30.35924062341533,30.17740572000008,7.496341920000134,30.53448677100016,7.748304037000139,650.8621895262381,ssd_admin3.geojson
3,309,Mayom 2,SS060703,Panyijiar,SS0607,7.781673178863471,30.113039749119253,29.971482163000132,7.590003854000031,30.272604776000037,7.98321531199997,624.851583160439,ssd_admin3.geojson
3,310,Nyal,SS060704,Panyijiar,SS0607,7.770757642762595,30.301690117633267,30.015804219000017,7.401537854000026,30.55958938600014,7.990371805000166,1313.8489856578644,ssd_admin3.geojson
3,311,Pachak,SS060705,Panyijiar,SS0607,7.160736652721305,30.41222603876261,30.209086758000012,7.067214749000073,30.599310327000126,7.347783780000043,611.9377972491554,ssd_admin3.geojson
3,312,Pachaar,SS060706,Panyijiar,SS0607,7.265191164464271,30.300353756876703,30.157095690000062,7.145356050000032,30.444463080000048,7.384826970000063,379.2508176837263,ssd_admin3.geojson
3,313,Pachienjok,SS060707,Panyijiar,SS0607,7.281170593622632,30.58770669054898,30.452115600000127,7.169507902000134,30.712665558000083,7.39890589100014,453.1098607395259,ssd_admin3.geojson
3,314,Panyijiar,SS060708,Panyijiar,SS0607,7.423559350693608,30.202202759684543,30.098022289000085,7.266025842999966,30.352785120000192,7.573495680000178,513.1880609631248,ssd_admin3.geojson
3,315,Thoarnhoum,SS060709,Panyijiar,SS0607,7.399433584104632,30.38887724564915,30.239221680000128,7.315669710000179,30.595029831000147,7.487560944000109,259.48193555233865,ssd_admin3.geojson
3,316,Tiap,SS060710,Panyijiar,SS0607,7.50896212074384,30.456641727563785,30.32550540000011,7.395597449000149,30.584798813000077,7.634642124000038,358.0024894467519,ssd_admin3.geojson
3,317,Aliiny,SS060801,Pariang,SS0608,9.916664083803452,29.715112404470105,29.538087542000085,9.667477162000182,29.990330242000027,10.13260628400019,1609.199308970095,ssd_admin3.geojson
3,318,Biu,SS060802,Pariang,SS0608,9.580678696472619,30.21438692502016,29.890783728000144,9.38787927900006,30.512008800000046,9.808917930000064,1685.2281456233236,ssd_admin3.geojson
3,319,Jamjang,SS060803,Pariang,SS0608,9.878319521450484,30.290723454706175,29.98481741800009,9.630186929000047,30.555727655000112,10.122673725000027,1874.2954135072177,ssd_admin3.geojson
3,320,Nyeel,SS060804,Pariang,SS0608,9.701779380027347,29.86016879015592,29.596629522000114,9.527192427000102,30.112930800000186,9.909575009999969,1189.5650099603056,ssd_admin3.geojson
3,321,Pariang,SS060805,Pariang,SS0608,9.913476233100488,29.97147578508253,29.933382960000188,9.881400487,30.005364960000065,9.943390098000123,27.781060750304807,ssd_admin3.geojson
3,322,Werthen,SS060806,Pariang,SS0608,10.131826962874282,29.98238552565015,29.6393989930001,9.948863970000048,30.274082642000053,10.288802127999986,1302.3283586304458,ssd_admin3.geojson
3,323,Wunkur,SS060807,Pariang,SS0608,9.683064052902143,30.634657276154037,30.46249332100001,9.465155602000038,30.846070440000176,9.93933326399997,1290.397001469638,ssd_admin3.geojson
3,324,Bentiu Town,SS060901,Rubkona,SS0609,9.234313864406898,29.79571357275149,29.727016921000143,9.172141920000058,29.850429232000067,9.286974360000158,71.85625426475151,ssd_admin3.geojson
3,325,Budaang,SS060902,Rubkona,SS0609,9.410153271466374,29.53560222082446,29.344506190000175,8.981940689999988,29.76184908000016,9.75013500000017,1461.1011758078816,ssd_admin3.geojson
3,326,Dhorbor,SS060903,Rubkona,SS0609,9.324969058689781,29.675195578101626,29.624614921000045,9.187651710000125,29.73315852100012,9.463238910000086,237.86868177676786,ssd_admin3.geojson
3,327,Kaljak,SS060904,Rubkona,SS0609,9.149243184067116,29.61396701241484,29.510767441000155,9.01476990000009,29.72773584100014,9.296438310000156,144.928115633951,ssd_admin3.geojson
3,328,Ngop,SS060905,Rubkona,SS0609,9.10817505361367,29.519837911700677,29.48899930300007,9.031653990000166,29.56420080000015,9.159256890000108,72.01559184268925,ssd_admin3.geojson
3,329,Nhialdiu,SS060906,Rubkona,SS0609,8.962971493012116,29.63805953861914,29.486333989000173,8.858273259000157,29.822313845000167,9.121789080000099,576.3291159371202,ssd_admin3.geojson
3,330,Panhiany,SS060907,Rubkona,SS0609,9.069945716007044,29.805786458677016,29.710593001000177,8.917275162000124,29.920284715000093,9.216619920000085,408.5278450055084,ssd_admin3.geojson
3,331,Rubkotne,SS060908,Rubkona,SS0609,9.39014111544175,29.750849205632605,29.637515880000024,9.135897390000025,29.87707768600012,9.591937665000046,575.8665460709869,ssd_admin3.geojson
3,332,Wathjaak,SS060909,Rubkona,SS0609,9.1145299106112,29.611983371977814,29.588301361000163,9.06610895900019,29.635995960000173,9.15080985000003,15.398176747212773,ssd_admin3.geojson
3,333,Abwong,SS070101,Baliet,SS0701,8.944707588297044,32.08849793973082,31.826328278000176,8.713323140000114,32.28491678400013,9.152780940000014,1014.5171172794526,ssd_admin3.geojson
3,334,Adong,SS070102,Baliet,SS0701,9.178816755971553,32.11431716368093,32.01030627600011,9.114311043000157,32.247557280000024,9.267491877000111,257.944624096779,ssd_admin3.geojson
3,335,Akoka,SS070103,Baliet,SS0701,9.610535626255508,32.04693395172029,31.865298869000128,9.380551500000138,32.301904680000064,9.84266991300018,1254.9830042869876,ssd_admin3.geojson
3,336,Akotweng,SS070104,Baliet,SS0701,9.56114246534231,32.5688064914881,32.07994668100014,9.088251029000105,32.99816924000004,10.101033734000168,7821.986050426679,ssd_admin3.geojson
3,337,Gel Achiel,SS070105,Baliet,SS0701,9.099080186882889,32.317168298918084,32.21239284000018,8.962487762000023,32.42951212700012,9.20255157000014,296.6231542128588,ssd_admin3.geojson
3,338,Nyongkuach,SS070106,Baliet,SS0701,9.28126701663618,32.07679190377226,32.01956280000002,9.213805440000101,32.13091368000016,9.33753213000017,59.18829237144059,ssd_admin3.geojson
3,339,Nyongrial,SS070107,Baliet,SS0701,9.454701825305536,31.879526499528847,31.70343975800006,9.290795786000103,32.08878612100017,9.650151326000127,681.7638812926028,ssd_admin3.geojson
3,340,Rom,SS070108,Baliet,SS0701,9.830025139567061,32.16364592006881,32.10282089900005,9.75161268000005,32.23212696100006,9.906178250000153,142.12596268298373,ssd_admin3.geojson
3,341,Wunthow,SS070109,Baliet,SS0701,9.753159596308286,32.18925642034113,32.04245970500011,9.662064839999971,32.29366572000015,9.869928179000112,146.7150923554941,ssd_admin3.geojson
3,342,Dethok,SS070201,Fashoda,SS0702,10.075473725532976,32.172302123845654,32.08280997900005,9.958738770000139,32.28899238800017,10.180334660000028,334.68303315462356,ssd_admin3.geojson
3,343,Kodok,SS070202,Fashoda,SS0702,10.066085037711177,31.926522263067262,31.661154816000078,9.811427876000039,32.18129546500012,10.303711240999974,1454.7462666088581,ssd_admin3.geojson
3,344,Kodok Town,SS070203,Fashoda,SS0702,9.883954062999296,32.103251781185556,32.070456721000085,9.858304621000059,32.13408133700017,9.907953300000088,10.880710005566593,ssd_admin3.geojson
3,345,Lul,SS070204,Fashoda,SS0702,9.893550092652262,31.714684347044717,31.426396374000035,9.672808733000124,32.01350367100008,10.171769503000064,1794.6433653931008,ssd_admin3.geojson
3,346,Dajo,SS070301,Longochuk,SS0703,9.231271106378797,33.95006695060424,33.76742198200003,8.889955849000046,34.13480568099999,9.521004103000053,1600.8396720657431,ssd_admin3.geojson
3,347,Guelguk,SS070302,Longochuk,SS0703,9.370765026408488,33.29989578306323,32.91433683200006,8.948069768999972,33.81775740000012,9.770235585000023,3433.0718761639273,ssd_admin3.geojson
3,348,Longochuk,SS070303,Longochuk,SS0703,8.97084342105781,33.42899054516421,33.34795308100007,8.85261058400016,33.49539792000013,9.077183730000172,249.81223895156026,ssd_admin3.geojson
3,349,Malual,SS070304,Longochuk,SS0703,8.965461128562124,33.52104667410452,33.4730052000001,8.89021574700007,33.589070280000044,9.046329930000127,73.97117585820601,ssd_admin3.geojson
3,350,Pamach,SS070305,Longochuk,SS0703,9.04401843007292,33.584263942115854,33.25710204000012,8.836750399000152,33.83260416000019,9.213334650000036,1286.7034725562637,ssd_admin3.geojson
3,351,Wudier,SS070306,Longochuk,SS0703,9.290082743331324,33.7229917926825,33.60803796100009,9.214775190000069,33.821238780000044,9.367686,283.66763599546124,ssd_admin3.geojson
3,352,Dingkar,SS070401,Luakpiny/Nasir,SS0704,8.75030247281117,32.98784745781222,32.88156793100006,8.65936908000009,33.08956848000014,8.842485150000073,227.1793513182715,ssd_admin3.geojson
3,353,Jikmir,SS070402,Luakpiny/Nasir,SS0704,8.570365480069784,33.236157743759655,33.09674616000018,8.454566160000184,33.36154416000011,8.705446536000125,412.7896687035364,ssd_admin3.geojson
3,354,Kiech Kuon,SS070403,Luakpiny/Nasir,SS0704,9.034176920506594,32.988517183181244,32.78426171200016,8.55881424000006,33.2222961600001,9.37826243699999,1871.730352524491,ssd_admin3.geojson
3,355,Kuerenge-Ke,SS070404,Luakpiny/Nasir,SS0704,8.504934441083602,33.10150152841925,33.011763685000176,8.425121307000097,33.27857862900015,8.603368020000175,218.46000019539693,ssd_admin3.geojson
3,356,Mading,SS070405,Luakpiny/Nasir,SS0704,8.870910741009462,33.25030416001346,33.04576656000006,8.632885410000142,33.4923972630001,9.134448245000101,1183.0179558492657,ssd_admin3.geojson
3,357,Maker,SS070406,Luakpiny/Nasir,SS0704,8.60658168415297,33.45323702400152,33.28136526800006,8.427143097,33.64843683400005,8.856835829999966,930.7001956472769,ssd_admin3.geojson
3,358,Nasir,SS070407,Luakpiny/Nasir,SS0704,8.627739648387834,33.02324358298466,32.96871461100005,8.583450248000076,33.09187140000006,8.67601314000018,85.23775777508537,ssd_admin3.geojson
3,359,Roam,SS070408,Luakpiny/Nasir,SS0704,8.911049171262697,33.09522305423703,32.97659004000019,8.819543520000082,33.18223752100005,9.014811930000178,256.6502968898042,ssd_admin3.geojson
3,360,Banashowa,SS070501,Maban,SS0705,9.711426421397762,33.44544774426327,32.998169239000106,9.514206881,33.73450236100018,9.959731920000081,1874.8126984947812,ssd_admin3.geojson
3,361,Boung,SS070502,Maban,SS0705,9.692931875746055,33.79179290215311,33.52753634300018,9.339744844000109,33.9995079040001,10.092842803000053,2297.071726965259,ssd_admin3.geojson
3,362,Jinkuata,SS070503,Maban,SS0705,9.962353122973747,33.44274024974162,32.996699843000044,9.730498140000066,33.725745720000134,10.277696970000079,1530.3877776409345,ssd_admin3.geojson
3,363,Jinmakda,SS070504,Maban,SS0705,10.27151479645091,33.261611868891244,32.95703141900003,9.78059483100003,33.66572184100016,10.693850496000039,5088.639928405185,ssd_admin3.geojson
3,364,Khor El Amer,SS070505,Maban,SS0705,10.197828362349949,33.754013306131384,33.573389760000055,10.012514130000113,33.971427918000074,10.449898516000076,1030.3072164103678,ssd_admin3.geojson
3,365,Jekow,SS070601,Maiwut,SS0706,8.481137028408616,33.8349054249123,33.672374726000044,8.366526604000057,34.02434675000006,8.60972589000005,382.69589520116,ssd_admin3.geojson
3,366,Jotoma,SS070602,Maiwut,SS0706,8.695694629154582,33.76978300956931,33.607653500000026,8.447309493999967,33.907542480000075,8.897316003000071,926.668642162353,ssd_admin3.geojson
3,367,Kigila,SS070603,Maiwut,SS0706,8.888282615165979,34.0665816979418,33.93679248000012,8.49151182200012,34.148303419,9.201534659000117,1057.812317455453,ssd_admin3.geojson
3,368,Maiwut,SS070604,Maiwut,SS0706,8.792467012316823,33.96298147805615,33.86678405800012,8.581446180000171,34.051714560000164,8.972694844000102,544.3544234473895,ssd_admin3.geojson
3,369,Olang,SS070605,Maiwut,SS0706,8.712129031901416,33.62318950767954,33.46264609200006,8.53589717500006,33.84796896000012,8.954568919000053,774.6995909700241,ssd_admin3.geojson
3,370,Lelo,SS070701,Malakal,SS0707,9.668490889272112,31.600638555959396,31.365995769000108,9.446234659000083,31.735117286000047,9.898903704000077,534.5741851659535,ssd_admin3.geojson
3,371,Central Malakal,SS070702,Malakal,SS0707,9.516246081761974,31.65919482785503,31.650266160000115,9.503409600000055,31.666096440000047,9.52633548000017,2.2672219460671847,ssd_admin3.geojson
3,372,Eastern Malakal,SS070703,Malakal,SS0707,9.523139882730321,31.674741440470424,31.66280028000017,9.514708290000044,31.686626160000117,9.531287910000117,2.793786572180019,ssd_admin3.geojson
3,373,Northern Malakal,SS070704,Malakal,SS0707,9.536955025903385,31.662838092827982,31.64708628000011,9.522447930000055,31.680312481000044,9.554916780000156,7.080397135585757,ssd_admin3.geojson
3,374,Southern Malakal,SS070705,Malakal,SS0707,9.49776002898922,31.67583129916749,31.660004881000077,9.479902500000037,31.69326888000012,9.520303230000025,12.484335463590561,ssd_admin3.geojson
3,375,Ogot,SS070706,Malakal,SS0707,9.649255777912211,31.754611490797174,31.670822160000057,9.565038284000025,31.86756460900017,9.728369150000105,195.48048335627223,ssd_admin3.geojson
3,376,Adhidwoi,SS070801,Manyo,SS0708,10.301489297096609,32.06432975422189,31.78867766500008,10.123691142000098,32.30032109100006,10.453332288000183,1292.5386157830653,ssd_admin3.geojson
3,377,Kaka,SS070802,Manyo,SS0708,10.729853225047387,32.231394695604244,31.878638605,10.41761664,32.64796419800007,11.063390219000098,1545.3787674277512,ssd_admin3.geojson
3,378,Magenist,SS070803,Manyo,SS0708,11.655727093804927,32.36041797856375,32.10657866700012,11.050025745000084,32.46612431500006,11.946623796000097,893.8211119939698,ssd_admin3.geojson
3,379,Wedakona,SS070804,Manyo,SS0708,11.544173534517723,32.579425491322226,32.41991088000003,10.994879262999973,32.78972109100005,11.947577380000155,2947.292822292851,ssd_admin3.geojson
3,380,Bimachuk,SS070901,Melut,SS0709,10.654405319116488,32.43857608969359,32.21189568100016,10.477868130000104,32.644033109000134,10.848728180000023,1191.0218158358607,ssd_admin3.geojson
3,381,Galdora,SS070902,Melut,SS0709,10.161740359585547,32.437273999324226,32.25274053500016,9.905841019000036,32.602839841000105,10.385731980000116,1128.1860928097894,ssd_admin3.geojson
3,382,Melut,SS070903,Melut,SS0709,10.52088351826444,32.226653839190476,32.11226461000007,10.417234855000117,32.41330308100015,10.807650319,387.54006428949066,ssd_admin3.geojson
3,383,Panomdit,SS070904,Melut,SS0709,9.99779572126848,32.35573002337193,32.19470741100014,9.892585585000177,32.5212393220001,10.167019920000087,384.03678465536586,ssd_admin3.geojson
3,384,Paloch,SS070905,Melut,SS0709,10.552889403920114,32.63287537374752,32.24278260000017,10.276689960000056,32.91886831400018,10.821761147000132,1782.123311857311,ssd_admin3.geojson
3,385,Wunamum,SS070906,Melut,SS0709,10.23942705206579,32.76318627385211,32.545684800000174,9.949229105000143,33.00270072200016,10.50321399100011,2068.5416565620226,ssd_admin3.geojson
3,386,Dheteim,SS071001,Panyikang,SS0710,9.621918110936853,31.497955603226867,31.31477065500013,9.36319437000003,31.651990561000048,9.819852770000068,821.2012987849334,ssd_admin3.geojson
3,387,Kuel,SS071002,Panyikang,SS0710,9.10263701955416,31.909892237835802,31.740388300000063,8.874269813000183,32.07827849800003,9.337309311000126,1284.3023593558169,ssd_admin3.geojson
3,388,Pakang,SS071003,Panyikang,SS0710,9.552825212938547,31.386781046856044,31.21979864100018,9.341085815000099,31.535726760000102,9.772417831000098,597.8641685999811,ssd_admin3.geojson
3,389,Panyidwoi,SS071004,Panyikang,SS0710,9.349569715790512,31.608696275870024,31.52464776000005,9.287021817000038,31.672960200000034,9.419223600000123,102.82370183499567,ssd_admin3.geojson
3,390,Panyikang,SS071005,Panyikang,SS0710,9.55892292965324,31.239780664113205,31.067878361000112,9.348226836000038,31.433766428000183,9.75291946600015,765.5999218224409,ssd_admin3.geojson
3,391,Tonga,SS071006,Panyikang,SS0710,9.582807998027002,30.969473702425976,30.75618553200013,9.41436004600007,31.206610441,9.749404764000133,1206.5809155786637,ssd_admin3.geojson
3,392,Anakdiar,SS071007,Panyikang,SS0710,9.370946316256681,31.74033859867038,31.642007567000064,9.280277405000163,31.873109369000133,9.473886529000083,331.94075084958496,ssd_admin3.geojson
3,393,Geger,SS071101,Renk,SS0711,12.033768018292182,32.999635265239284,32.73053754300008,11.72456202,33.29773712200017,12.236351879000097,2296.9274022528284,ssd_admin3.geojson
3,394,Jalhak,SS071102,Renk,SS0711,11.018660035270765,32.949305850881004,32.46798590600014,10.34573373400002,33.36009235600005,11.581673395000166,5978.985574261009,ssd_admin3.geojson
3,395,North Renk,SS071103,Renk,SS0711,11.732482024350926,32.975535993678534,32.74142978500015,11.538700020000022,33.168599813000185,11.884040020000157,950.2939712942701,ssd_admin3.geojson
3,396,Chemmedi,SS071104,Renk,SS0711,11.55112922120293,32.87614348365189,32.699805693000144,11.42586504000019,33.09241824000003,11.713566780000122,732.8819927922576,ssd_admin3.geojson
3,397,South Renk,SS071105,Renk,SS0711,11.6718682487931,32.79717317318707,32.75111418000006,11.606488020000143,32.84121456000014,11.735787600000151,65.00914644966649,ssd_admin3.geojson
3,398,Doma,SS071201,Ulang,SS0712,8.98111591917446,32.63848291433387,32.41059814400006,8.833652959,32.87355350000013,9.115842664000127,1130.675331441244,ssd_admin3.geojson
3,399,Kurmuot,SS071202,Ulang,SS0712,8.322326779238697,32.97391577121271,32.70716650999998,7.987863541000081,33.21997909800007,8.701313890000165,2375.7145345958174,ssd_admin3.geojson
3,400,Ulang,SS071203,Ulang,SS0712,8.743935875311273,32.721095184354716,32.5393445520001,8.507420560000128,32.96448687800006,8.881253370000024,924.6634223968148,ssd_admin3.geojson
3,401,Yomding,SS071204,Ulang,SS0712,8.573999010074965,32.74348867970393,32.626035679000154,8.401715417000048,32.89769208000007,8.707381020000128,402.53546758041625,ssd_admin3.geojson
3,402,Nyang,SS080101,Gogrial East,SS0801,8.584236114808633,28.612028364362505,28.55464812000008,8.518429308000123,28.66218382400018,8.658350977000111,81.77467444644705,ssd_admin3.geojson
3,403,Pathuon East,SS080102,Gogrial East,SS0801,8.29210306854183,28.51802972225394,28.397368801000027,8.164665746000026,28.654923229000133,8.50306806000009,531.187711705618,ssd_admin3.geojson
3,404,Pathuon West,SS080103,Gogrial East,SS0801,8.203916712628882,28.297158539608027,28.152103922000094,7.99393220200011,28.47180384000012,8.366833620000023,675.6409753056688,ssd_admin3.geojson
3,405,Toch East,SS080104,Gogrial East,SS0801,8.784423242058095,28.765995392748447,28.397368801000027,8.325660960000107,29.165715669,9.03710475000014,2108.7073535508225,ssd_admin3.geojson
3,406,Toch North,SS080105,Gogrial East,SS0801,8.756020776162663,28.54483448467956,28.36002492100016,8.330672070000105,28.71317304100012,9.02830493800019,588.4583873562799,ssd_admin3.geojson
3,407,Toch West,SS080106,Gogrial East,SS0801,8.462865739473735,28.328379382178806,28.19169720600013,8.288588790000176,28.449695161000193,8.674959068000021,439.03280617686426,ssd_admin3.geojson
3,408,Akon South,SS080201,Gogrial West,SS0802,8.934969741104943,28.006267928202504,27.88317286199998,8.768753821000189,28.0900457460001,9.07224024300018,296.1443280251735,ssd_admin3.geojson
3,409,Akon North,SS080202,Gogrial West,SS0802,9.01876740824769,27.935899411438143,27.86224614000014,8.94059871899998,28.01242224000015,9.13051930500012,163.67010721666938,ssd_admin3.geojson
3,410,Alek North,SS080203,Gogrial West,SS0802,8.732405115673286,28.295149585657768,28.071412201000157,8.577543983000169,28.458887137000147,8.884916867000015,701.7347112040792,ssd_admin3.geojson
3,411,Alek South,SS080204,Gogrial West,SS0802,8.6122990310768,28.14875251951213,27.92323344700003,8.51058747000019,28.34068467500009,8.716616640000098,485.29494122418953,ssd_admin3.geojson
3,412,Alek West,SS080205,Gogrial West,SS0802,8.813724401269248,28.050117543046696,27.93210654800015,8.648986410000077,28.125927366000155,9.014703525000186,275.24439285863025,ssd_admin3.geojson
3,413,Gogrial,SS080206,Gogrial West,SS0802,8.49672009612922,28.033210976876976,27.899265435000018,8.385235110000053,28.165222800000038,8.62180380000018,538.0704622513462,ssd_admin3.geojson
3,414,Kuac North,SS080207,Gogrial West,SS0802,8.329246154352438,28.0619145973195,27.868385474000036,8.152760790000173,28.325239717999978,8.523644310000122,895.8622745084596,ssd_admin3.geojson
3,415,Kuac South,SS080208,Gogrial West,SS0802,8.137165955343322,28.05993449380871,27.86224614000014,8.022330386000021,28.205898140000045,8.251074990000063,614.4644038224507,ssd_admin3.geojson
3,416,Riau,SS080209,Gogrial West,SS0802,8.862377352545105,28.207346205320842,28.093910761000075,8.757237240000052,28.3580307040001,8.974336702000016,430.5769714373401,ssd_admin3.geojson
3,417,Ananatak,SS080301,Tonj East,SS0803,7.7330705853616655,29.08981627199318,28.977475523000066,7.494752520000077,29.212361633000057,7.944738149000045,606.7204686968901,ssd_admin3.geojson
3,418,Makuac,SS080302,Tonj East,SS0803,7.902996103470181,29.547936708552545,29.373368401,7.752027740000131,29.697964066000168,8.069098500000052,699.9935103707762,ssd_admin3.geojson
3,419,Malualcum,SS080303,Tonj East,SS0803,7.939907013335531,29.15298929780174,29.00911815300003,7.86729842900013,29.278240200000027,8.033510385000056,331.659542777881,ssd_admin3.geojson
3,420,Maparah,SS080304,Tonj East,SS0803,7.849843185458369,29.424538271946385,29.289737160000016,7.704830498000149,29.596062516000075,7.988905980000084,325.9794578243835,ssd_admin3.geojson
3,421,Mayen 2,SS080305,Tonj East,SS0803,7.765735748928765,29.35644449044871,29.245119121000016,7.657564519000118,29.536375137000107,7.910180009999976,392.29394057258287,ssd_admin3.geojson
3,422,Pagor 2,SS080306,Tonj East,SS0803,8.067283272783778,29.59095057925023,29.424665521000122,7.935499360000051,29.69081101200004,8.16095361900011,398.30945336703,ssd_admin3.geojson
3,423,Palal,SS080307,Tonj East,SS0803,7.676935932879986,28.95630442975428,28.805943625000168,7.494752520000077,29.15366190200001,7.88458131699997,671.3972828947313,ssd_admin3.geojson
3,424,Paliang,SS080308,Tonj East,SS0803,7.966158221912337,29.309441433440952,29.241893521000122,7.901435520000177,29.392291080000064,8.013824280000051,99.12934494276895,ssd_admin3.geojson
3,425,Pannhial,SS080309,Tonj East,SS0803,8.04094000212117,29.307053642080454,29.21123282200017,7.978327470000011,29.431639800000085,8.132463895000058,189.62176257661304,ssd_admin3.geojson
3,426,Paweng,SS080310,Tonj East,SS0803,8.121713432969738,29.39137805789633,29.274227281000094,8.045746740000027,29.542335155000103,8.179186938000157,255.4623160207997,ssd_admin3.geojson
3,427,Wun-liit,SS080311,Tonj East,SS0803,7.7111404794858185,29.21667067470155,29.120694480000054,7.552020551000112,29.320544200000143,7.882005960000185,450.8436658498392,ssd_admin3.geojson
3,428,Akop,SS080401,Tonj North,SS0804,8.411563838683398,29.277249478490013,28.94934600099998,8.165331,29.654429068000184,8.69447749000011,1663.1736168271939,ssd_admin3.geojson
3,429,Alabek,SS080402,Tonj North,SS0804,8.58435118481691,29.047906986484048,28.773111600000163,8.334581490000119,29.281570920000092,8.78170187700016,1592.4037963897958,ssd_admin3.geojson
3,430,Aliek,SS080403,Tonj North,SS0804,8.561931108282653,28.814798166122227,28.58376938800012,8.207881001000146,29.229501298,8.904874126000095,1597.7855647840777,ssd_admin3.geojson
3,431,Awuul,SS080404,Tonj North,SS0804,8.13350005266951,28.621156737859238,28.459541880000188,7.944989400000111,28.83407184100014,8.30619009000003,613.7693075860171,ssd_admin3.geojson
3,432,Kirik,SS080405,Tonj North,SS0804,7.8994004602438235,28.800344388999246,28.610621640000033,7.758072372000072,28.977475523000066,8.028450360000136,824.1455650228198,ssd_admin3.geojson
3,433,Manloor,SS080406,Tonj North,SS0804,7.97548862336735,28.356286310590363,28.171155863000024,7.775371724000024,28.50823115999998,8.180639058000054,969.1724026568294,ssd_admin3.geojson
3,434,Marial-lou,SS080407,Tonj North,SS0804,8.226417256318825,29.398064900963977,29.04133624600007,7.963985321000052,29.67595846500012,8.40580304600013,1352.0485486875853,ssd_admin3.geojson
3,435,Pagol,SS080408,Tonj North,SS0804,7.781012755150347,28.49909239759992,28.289157286000034,7.587424758000168,28.6981026200001,8.03235780000017,1092.7850132263586,ssd_admin3.geojson
3,436,Rual-bet,SS080409,Tonj North,SS0804,8.154917721068275,28.95405438813927,28.788744600000086,7.88458131699997,29.15419608000019,8.418464460000052,1170.489339570813,ssd_admin3.geojson
3,437,Warrap,SS080410,Tonj North,SS0804,8.077891357913652,28.72495301429569,28.61332560000011,7.971375870000031,28.833051240000145,8.165433600000142,352.0571337664325,ssd_admin3.geojson
3,438,Jak,SS080501,Tonj South,SS0805,7.66684234585789,28.688690477036033,28.584162623000054,7.544820240000035,28.788480001000153,7.768237206000151,256.8491129938308,ssd_admin3.geojson
3,439,Manyang-ngok,SS080502,Tonj South,SS0805,7.381858617287083,28.933178895199447,28.768806,7.201495913000144,29.15366190200001,7.526794255000084,878.4169988530932,ssd_admin3.geojson
3,440,Thiet,SS080503,Tonj South,SS0805,7.630877836229203,28.82396415728448,28.702843162000136,7.515964620000091,29.030364812000187,7.790018994000093,362.84516701084186,ssd_admin3.geojson
3,441,Tonj,SS080504,Tonj South,SS0805,6.885195731372989,28.716021016288497,28.49041539700005,6.388121091000073,29.002708772,7.475216220000107,5089.850042739633,ssd_admin3.geojson
3,442,Wath-alel,SS080505,Tonj South,SS0805,7.533674548569302,28.614857400915604,28.37242158700019,7.418969550000099,28.892506320000052,7.667474191000053,835.3446145753531,ssd_admin3.geojson
3,443,Ajak-kuac,SS080601,Twic,SS0806,9.269150154099567,28.698018055000922,28.561655161000147,9.12136979700017,28.80754939100018,9.352099369000086,431.20067813430654,ssd_admin3.geojson
3,444,Akoc,SS080602,Twic,SS0806,9.170543100717415,28.029530706529865,27.940303735000043,9.044649978000052,28.122575761000064,9.29918925000004,336.68147530658473,ssd_admin3.geojson
3,445,Aweeng,SS080603,Twic,SS0806,9.09649500020805,28.601309940095334,28.45485936,8.896960686000114,28.787928825000165,9.237794310000083,770.0673990901232,ssd_admin3.geojson
3,446,Pannyok,SS080604,Twic,SS0806,9.15628635428711,28.16204360211641,28.01468158500012,8.943001634000154,28.29773268000008,9.346050681000065,760.4258569723685,ssd_admin3.geojson
3,447,Turalei,SS080605,Twic,SS0806,9.033402412798768,28.460773333555416,28.3171174040001,8.773103688999981,28.584521686000187,9.349783992000141,812.5211153276897,ssd_admin3.geojson
3,448,Wunrok,SS080606,Twic,SS0806,9.170107969058117,28.3303237906963,28.209183841000026,8.885326500000076,28.506317561,9.349161300000105,846.1679334707486,ssd_admin3.geojson
3,449,Kangi,SS090101,Jur River,SS0901,8.19384014565503,27.613499074784013,27.244099148000146,7.943032260000052,27.91713471600019,8.500324972000158,1905.1689606179218,ssd_admin3.geojson
3,450,Kuajiena,SS090103,Jur River,SS0901,7.1685384104920225,28.281876870474896,27.981124998000155,6.739712913000062,28.53615587600018,7.699967640000125,4408.387345672826,ssd_admin3.geojson
3,451,Marial Bai,SS090104,Jur River,SS0901,7.867934266219315,28.037994949976433,27.871859161000145,7.677476109,28.211099627000067,8.01980826100015,468.76624025970966,ssd_admin3.geojson
3,452,Rocrocdong,SS090105,Jur River,SS0901,7.533852170892055,28.104492794154297,27.95354015800001,7.032725272,28.313552208000033,7.934393384000032,1377.5905707132208,ssd_admin3.geojson
3,453,Udici,SS090106,Jur River,SS0901,7.94223888103859,27.712833194762684,27.37250154999998,7.73709434500006,27.966399763000084,8.16838443000006,1486.9358865543588,ssd_admin3.geojson
3,454,Wau Bai,SS090107,Jur River,SS0901,7.968797576987598,28.01631636986287,27.884107800000095,7.807147650000161,28.153795980000154,8.07709148400005,401.37808416298554,ssd_admin3.geojson
3,455,Ere,SS090201,Raja,SS0902,9.551905611152563,25.46619938095923,24.55469515900006,8.596254960000124,26.218674941000017,10.43273162700018,23780.1330209122,ssd_admin3.geojson
3,456,Raga,SS090202,Raja,SS0902,8.468353964333646,25.741428987092405,25.15131972100005,7.901152200000183,26.243052160000047,9.15986934000017,7747.640221412001,ssd_admin3.geojson
3,457,Ringi,SS090203,Raja,SS0902,8.544770980077661,24.820626394060188,24.15072456300004,7.898106998000117,25.450391520999972,9.173510712000166,10631.633953649527,ssd_admin3.geojson
3,458,Uyujuku,SS090204,Raja,SS0902,7.589117043920236,26.090940241053023,25.166672451000068,6.649802008000108,26.929030065000063,8.431218515000069,19851.161529521785,ssd_admin3.geojson
3,459,Bagari,SS090301,Wau,SS0903,7.255498759878911,27.138112740430582,26.445755387000077,6.65378638500016,28.063916667000115,7.799422230000062,11417.048625522413,ssd_admin3.geojson
3,460,Besselia,SS090302,Wau,SS0903,7.8288562435918125,27.361827733317902,26.89061506500019,7.60164849,27.972186121000107,8.14217051300011,3072.298363255888,ssd_admin3.geojson
3,461,Kpaile,SS090303,Wau,SS0903,6.99041844387747,27.63844392252267,26.941434481000044,6.701430406000043,28.09307272700005,7.487337642999989,4650.949378776454,ssd_admin3.geojson
3,462,Wau North,SS090304,Wau,SS0903,7.714300266310706,27.97839418670997,27.9494845210001,7.687795049999977,28.010691282000096,7.739135114000078,22.349146796519985,ssd_admin3.geojson
3,463,Wau South,SS090305,Wau,SS0903,7.6654269246780675,28.009599484033842,27.961882921000097,7.594576560000178,28.047256062000145,7.715861906000043,50.18202565315402,ssd_admin3.geojson
3,464,Andari,SS100101,Ezo,SS1001,4.958645344754765,27.72074749237647,27.59361300100005,4.885509240000033,27.835656840000127,5.018959980000091,199.10451584780895,ssd_admin3.geojson
3,465,Bagidi,SS100102,Ezo,SS1001,5.266536795339476,27.690076749600692,27.477595800000074,5.076345060000165,27.902201760000082,5.4635892,1229.671157694382,ssd_admin3.geojson
3,466,Bariguna,SS100103,Ezo,SS1001,5.266677986137938,27.43047299225067,27.256305042000065,5.125122325,27.56621484100009,5.373538140000107,539.0259681584803,ssd_admin3.geojson
3,467,Ezo Centre,SS100104,Ezo,SS1001,5.008627175702101,27.554940574188574,27.42093870000008,4.876152612000169,27.684322560000055,5.155573950000132,425.3025346046394,ssd_admin3.geojson
3,468,Naandi,SS100105,Ezo,SS1001,4.906154266384614,27.93085591410311,27.678878989,4.6868058660001,28.22057299800008,5.098284139000043,905.6018174587091,ssd_admin3.geojson
3,469,Yangiri,SS100106,Ezo,SS1001,5.696996994765836,28.034674453655757,27.631794960000093,4.969989180000141,28.49956349300004,6.518540565000023,4773.704797251997,ssd_admin3.geojson
3,470,Ibba Centre,SS100201,Ibba,SS1002,4.663027448933315,29.24458872839526,29.038048560000163,4.514281371999971,29.46941539900007,4.864496220000092,976.594422654809,ssd_admin3.geojson
3,471,Madebe,SS100202,Ibba,SS1002,4.785603199519096,28.971460376454885,28.81524196200013,4.588334910000015,29.12062932100008,4.954786290000072,762.9647589303984,ssd_admin3.geojson
3,472,Manikakara,SS100203,Ibba,SS1002,5.3104709499598455,29.159855855993317,28.812921207000045,4.727824380000072,29.397365648,5.7760873040001,4143.553799880205,ssd_admin3.geojson
3,473,Maruko,SS100204,Ibba,SS1002,5.213314218495928,28.849725369787638,28.5929526810001,4.897510919000126,29.194838640000114,5.63912372600015,2863.941372810499,ssd_admin3.geojson
3,474,Nabanga,SS100205,Ibba,SS1002,4.496926366269659,29.169252612036544,28.908972062000146,4.340340997000055,29.439101914000048,4.6134,860.9726309433814,ssd_admin3.geojson
3,475,Kozi,SS100301,Maridi,SS1003,5.4021954911990555,29.553263630556625,29.314769674,4.957999020000159,29.84388441800013,5.710287313000038,3074.9018629468314,ssd_admin3.geojson
3,476,Landili,SS100302,Maridi,SS1003,4.684686155621793,29.88140171678658,29.647809360999986,4.559544913000138,30.205297139000095,4.782988980000084,808.1839959005415,ssd_admin3.geojson
3,477,Mambe,SS100303,Maridi,SS1003,4.980988687769751,29.832835894649683,29.525468040000078,4.733579815000155,30.161654599000087,5.241971632000116,2796.1605913760295,ssd_admin3.geojson
3,478,Maridi,SS100304,Maridi,SS1003,4.902016694898173,29.459099175037988,29.359658791000072,4.741274070000031,29.582698680000135,5.02526682000007,400.17389138197683,ssd_admin3.geojson
3,479,Ngamunde,SS100305,Maridi,SS1003,4.754092602215602,29.554591951562553,29.39199807800003,4.583902622000096,29.72090484000006,4.886718750000057,601.8632351721308,ssd_admin3.geojson
3,480,Kediba,SS100401,Mundri East,SS1004,5.510043093813415,30.723080733597186,30.413296134000063,5.279423850000057,31.018461227000103,5.737921044000075,1426.4007389572616,ssd_admin3.geojson
3,481,Lakamadi,SS100402,Mundri East,SS1004,5.666221869553897,30.545582881453523,30.340037096,5.540312340000128,30.6664984680001,5.801069613000095,551.6416260349176,ssd_admin3.geojson
3,482,Lozoh,SS100403,Mundri East,SS1004,5.161871989636632,30.513548190074225,30.401804519,4.800432427000146,30.661635240000066,5.401902206000045,917.671173620373,ssd_admin3.geojson
3,483,Minga,SS100404,Mundri East,SS1004,5.3230051750032485,30.85543313196064,30.661635240000066,5.15584499199997,31.013770137000108,5.535640742000112,801.7220885484298,ssd_admin3.geojson
3,484,Witto,SS100405,Mundri East,SS1004,5.04415468853387,30.707365543664483,30.5251153210001,4.800432427000146,30.939112136000062,5.279423850000057,1382.336040979456,ssd_admin3.geojson
3,485,Amadi,SS100501,Mundri West,SS1005,5.53879378915504,30.390601036486444,30.25241354000002,5.322802166000088,30.5799245340001,5.695890378000172,674.5784638459843,ssd_admin3.geojson
3,486,Bangolo,SS100502,Mundri West,SS1005,4.8032482364984945,30.354404193198008,30.08865804200019,4.608470829000112,30.537254636000114,4.997351723000065,1224.0818271295575,ssd_admin3.geojson
3,487,Kotobi,SS100503,Mundri West,SS1005,5.150882539796433,30.16714497434473,29.76976575900011,4.86976347000018,30.458871303000024,5.453737768000053,2199.5700689842297,ssd_admin3.geojson
3,488,Mundri,SS100504,Mundri West,SS1005,5.451539139584413,30.089005821893615,29.804914205000102,5.291530830000113,30.421763477000127,5.651575632000117,1774.7069426511573,ssd_admin3.geojson
3,489,Bahr El Grindi,SS100601,Mvolo,SS1006,6.163983203222422,30.092909386000862,29.93553504100015,6.008292,30.23441784,6.352678375000096,581.9971003695098,ssd_admin3.geojson
3,490,Bagori,SS100602,Mvolo,SS1006,5.8588655408156365,29.78860281655657,29.57699335400008,5.6482016490001,29.988984240000036,6.106826250000097,1645.4839410611075,ssd_admin3.geojson
3,491,Dari,SS100603,Mvolo,SS1006,5.800153780348137,30.423608335114835,30.2693662800001,5.667161343000146,30.594595391000098,5.935390031000054,531.3313275196165,ssd_admin3.geojson
3,492,Kokori,SS100604,Mvolo,SS1006,6.2443118004619915,29.918831324364817,29.790168309000023,6.102414989000067,30.118596551999985,6.363667502000112,539.826542780406,ssd_admin3.geojson
3,493,Lessi,SS100605,Mvolo,SS1006,5.9501224588725705,30.299757191536834,30.189762,5.797268370000097,30.455253647000177,6.092374802000052,508.82636100603,ssd_admin3.geojson
3,494,Mvolo,SS100606,Mvolo,SS1006,6.009279594201633,30.019654420668928,29.789732342000093,5.850189900000089,30.151370880000172,6.145573590000083,577.0364749794675,ssd_admin3.geojson
3,495,Yeri,SS100607,Mvolo,SS1006,5.745503832103391,30.100683181083134,29.84753037600018,5.537880687000097,30.330611640000143,6.03016155,1326.3891495409284,ssd_admin3.geojson
3,496,Nagero,SS100701,Nagero,SS1007,6.47132526416109,27.738218306057895,27.06806939800009,6.017793600000061,28.496328160000132,6.797650856000075,9196.816491680012,ssd_admin3.geojson
3,497,Basukangbi,SS100801,Nzara,SS1008,4.691739818985722,27.934010588151025,27.76870541800008,4.549549872000114,28.122535800000037,4.858192590000044,713.6553450826,ssd_admin3.geojson
3,498,Nzara Centre,SS100802,Nzara,SS1008,4.712726111293783,28.23134474664096,28.09154743000005,4.58938296000008,28.349653670000123,4.82883696000016,415.86968657521794,ssd_admin3.geojson
3,499,Ringasi,SS100803,Nzara,SS1008,5.6357739662636614,28.255971049161882,27.95688424100007,4.710278700000174,28.572748260000026,6.274710522000134,4433.213004420114,ssd_admin3.geojson
3,500,Sakure,SS100804,Nzara,SS1008,4.4553129989268605,28.2186451733656,28.037044789,4.348657904000106,28.367609316000028,4.589483301000087,491.3545225587224,ssd_admin3.geojson
3,501,Sangua,SS100805,Nzara,SS1008,4.586379207148573,28.12285356107762,27.96634354000014,4.504362443000048,28.26894672100019,4.670687659000066,389.97853179413977,ssd_admin3.geojson
3,502,Mupoi,SS100901,Tambura,SS1009,5.5655890585766965,27.7104512792396,27.37071252100003,5.354089481000187,27.968096180000032,5.785402958000134,1563.3533332779314,ssd_admin3.geojson
3,503,Namutina,SS100902,Tambura,SS1009,6.199030308233746,26.93680247755164,26.288841550000086,5.498377110000149,27.526350960000173,6.714926017000153,8763.097958927516,ssd_admin3.geojson
3,504,Source Yubu,SS100903,Tambura,SS1009,5.421376575463742,27.357692143229404,27.240696792,5.347035958000049,27.50771088000016,5.532842025000093,418.1718800527186,ssd_admin3.geojson
3,505,Tambura,SS100904,Tambura,SS1009,5.84584418805979,27.638728097707578,27.370472401000086,5.4980514,27.86584805300015,6.095768623000083,1710.2883314521334,ssd_admin3.geojson
3,506,Bangasu,SS101001,Yambio,SS1010,4.748090887233318,28.703033317248515,28.471034880000104,4.419178622000061,28.941146228000036,5.026705200000038,2183.0048415074575,ssd_admin3.geojson
3,507,Gangura,SS101002,Yambio,SS1010,4.425497904589305,28.441382036976613,28.291297819000135,4.280105622000178,28.60330045600017,4.550236951000045,594.937285199687,ssd_admin3.geojson
3,508,Nadiangere,SS101003,Yambio,SS1010,5.571222956011239,28.525897527111884,28.176830571000096,5.12032779000009,28.896678566000105,6.074951272000078,4096.262538990699,ssd_admin3.geojson
3,509,Ri-rangu,SS101004,Yambio,SS1010,4.932073222894747,28.435627634301415,28.284564451000108,4.647841290000088,28.697107836000043,5.153494821000152,1363.0220049359082,ssd_admin3.geojson
3,510,Yambio Town,SS101005,Yambio,SS1010,4.610269089089332,28.462201903441724,28.273342172000127,4.483965510000019,28.586437921000027,4.751156608999963,554.8610412706049,ssd_admin3.geojson
3,511,Abyei Region,SS000101,Abyei Region,SS0001,9.786907392766924,28.41357814587631,27.832981039000174,9.343870902000049,29.000368664,10.166666628000144,10495.850579184209,ssd_admin3.geojson
