id,lat,lon,area,labeller,label,reason,confidence,cover,cue_a_bare,cue_b_greenup,cue_c_harvest,cue_d_shape,cue_e_crop2024,key_suggestion,overridden,minutes,notes,saved_at
P01,9.111294,28.611514,pilot,Matei,not crop,grass/bush,2,open,yes,yes,no,no,no,not crop,0,41.82,,2026-10-03T19:35:22.895Z
P02,9.149362,28.320919,pilot,Matei,not crop,trees/shrub,3,trees,no,no,no,no,no,not crop,0,1.49,,2026-10-03T19:36:52.080Z
P03,9.013854,28.545093,pilot,Matei,not crop,trees/shrub,3,trees,no,no,no,no,no,not crop,0,0.60,,2026-10-03T19:37:28.344Z
P04,8.964092,28.600399,pilot,Matei,not crop,water,3,water,no,no,no,no,no,not crop,0,4.76,,2026-10-03T19:42:13.939Z
P05,9.113347,28.330899,pilot,Matei,not crop,trees/shrub,3,trees,no,no,no,no,no,not crop,0,7.23,,2026-10-03T19:49:27.630Z
P06,9.308744,28.744037,pilot,Matei,not crop,trees/shrub,3,trees,no,no,no,no,no,not crop,0,0.72,,2026-10-03T19:50:10.741Z
P07,9.109536,28.498693,pilot,Matei,not crop,settlement,3,settlement,no,no,no,no,no,not crop,0,2.48,,2026-10-03T19:52:39.693Z
P08,9.115241,28.324853,pilot,Matei,not crop,settlement,3,settlement,no,no,no,no,no,not crop,0,2.05,,2026-10-03T19:54:42.585Z
P09,9.328105,28.421265,pilot,Matei,not crop,trees/shrub,3,trees,no,no,no,no,no,not crop,0,0.32,,2026-10-03T19:55:02.057Z
P10,9.052355,27.995649,pilot,Matei,not crop,trees/shrub,3,trees,no,no,no,no,no,not crop,0,0.97,,2026-10-03T19:55:59.977Z
P11,9.226304,28.658063,pilot,Matei,not crop,trees/shrub,3,trees,no,no,no,no,no,not crop,0,0.35,,2026-10-03T19:56:21.185Z
P12,8.821004,28.488112,pilot,Matei,not crop,grass/bush,3,open,no,yes,no,no,no,not crop,0,2.82,,2026-10-03T19:59:10.609Z
P13,9.054877,28.597752,pilot,Matei,not crop,trees/shrub,3,trees,no,no,no,no,no,not crop,0,1.43,,2026-10-03T20:00:36.573Z
P14,9.057221,28.247765,pilot,Matei,not crop,grass/bush,3,open,no,yes,no,no,no,not crop,0,5.38,,2026-10-03T20:05:59.364Z
P15,9.316101,28.782137,pilot,Matei,not crop,trees/shrub,3,trees,no,no,no,no,no,not crop,0,2.98,,2026-10-03T20:08:58.010Z
P16,9.104132,28.714859,pilot,Matei,not crop,trees/shrub,3,trees,no,no,no,no,no,not crop,0,3.07,,2026-10-03T20:12:02.425Z
P17,9.047252,28.615353,pilot,Matei,not crop,grass/bush,3,open,no,yes,no,no,no,not crop,0,1.92,,2026-10-03T20:13:57.446Z
P18,8.965081,28.345065,pilot,Matei,not crop,grass/bush,3,open,no,yes,no,no,no,not crop,0,0.99,,2026-10-03T20:14:57.156Z
P19,9.074571,27.978292,pilot,Matei,not crop,grass/bush,3,open,no,yes,no,no,no,not crop,0,0.25,,2026-10-03T20:15:12.341Z
P20,9.251523,28.586195,pilot,Matei,not crop,grass/bush,3,open,no,yes,no,no,no,not crop,0,2.73,,2026-10-03T20:17:56.105Z
P21,9.291977,28.779372,pilot,Matei,not crop,trees/shrub,3,trees,no,no,no,no,no,not crop,0,0.60,,2026-10-03T20:18:31.871Z
P22,9.093888,28.261583,pilot,Matei,not crop,grass/bush,3,open,no,yes,no,no,no,not crop,0,3.60,,2026-10-03T20:22:07.660Z
P23,9.162328,28.104622,pilot,Matei,not crop,trees/shrub,3,trees,no,no,no,no,no,not crop,0,2.38,,2026-10-03T20:24:30.588Z
P24,9.154907,28.352857,pilot,Matei,not crop,trees/shrub,3,trees,no,no,no,no,no,not crop,0,8.49,,2026-10-03T20:32:59.930Z
P25,9.19403,28.13709,pilot,Matei,not crop,trees/shrub,3,trees,no,no,no,no,no,not crop,0,0.38,,2026-10-03T20:33:22.711Z
P26,9.218147,28.521197,pilot,Matei,not crop,trees/shrub,3,trees,no,no,no,no,no,not crop,0,0.45,,2026-10-03T20:33:49.740Z
P27,9.303471,28.66244,pilot,Matei,not crop,trees/shrub,3,trees,no,no,no,no,no,not crop,0,0.59,,2026-10-03T20:34:25.415Z
P28,8.906397,28.547606,pilot,Matei,not crop,trees/shrub,3,trees,no,no,no,no,no,not crop,0,0.54,,2026-10-03T20:34:58.025Z
P29,9.094361,28.662077,pilot,Matei,not crop,trees/shrub,3,trees,no,no,no,no,no,not crop,0,0.32,,2026-10-03T20:35:17.372Z
P30,9.253548,28.276343,pilot,Matei,not crop,trees/shrub,3,trees,no,no,no,no,no,not crop,0,2.47,,2026-10-03T20:37:45.630Z
