year_month,water_level_mean_m,water_level_observed_days,flood_pixel_count
2002-07-01,621.8312675959479,2,548.0
2002-08-01,621.8420982621865,2,4305.0
2002-09-01,621.8990006140506,3,6352.0
2002-10-01,621.8948322911416,5,9406.0
2002-11-01,622.1547042120071,4,16447.0
2002-12-01,622.3687946653586,3,65770.0
2003-01-01,622.3777796054516,4,94317.0
2003-02-01,622.2550972515248,3,20584.0
2003-03-01,622.1469199946076,4,3799.0
2003-04-01,622.0363674926758,3,4930.0
2003-05-01,622.2639568698022,4,9235.0
2003-06-01,622.2975144159226,2,8107.0
2003-07-01,622.2640729631697,1,4766.0
2003-08-01,622.2846394200479,4,5983.0
2003-09-01,622.4843338577836,1,27868.0
2003-10-01,622.590339359844,4,31609.0
2003-11-01,622.5012685139974,2,47833.0
2003-12-01,622.5799694430444,3,61521.0
2004-01-01,622.5316175891506,4,47742.0
2004-02-01,622.3465564145242,3,28125.0
2004-03-01,622.3176546580231,2,10366.0
2004-04-01,622.3294169108073,4,3700.0
2004-05-01,622.4330150973412,2,5211.0
2004-06-01,622.3474936930339,3,4537.0
2004-07-01,622.282635891822,4,5190.0
2004-08-01,622.2644040999874,4,2236.0
2004-09-01,622.2852396647136,4,3373.0
2004-10-01,622.3846912551836,5,6878.0
2004-11-01,622.5209040786281,2,18094.0
2004-12-01,622.5539104728996,3,43159.0
2005-01-01,622.4207638750087,2,66507.0
2005-02-01,622.3127963007712,4,21968.0
2005-03-01,622.195860578827,2,8859.0
2005-04-01,622.116826171875,2,1817.0
2005-05-01,622.1972563712828,4,11024.0
2005-06-01,622.1704172770183,3,17512.0
2005-07-01,622.1004061998455,3,13577.0
2005-08-01,622.0967800794514,4,14765.0
2005-09-01,622.1350758870443,2,13956.0
2005-10-01,622.1690344130888,1,25644.0
2005-11-01,622.284643647165,2,58711.0
2005-12-01,622.2136829113482,1,105804.0
2006-01-01,621.9351553955534,1,50931.0
2006-02-01,621.682803780692,0,22595.0
2006-03-01,621.5170756047705,1,6098.0
2006-04-01,621.4356042550928,1,3725.0
2006-05-01,621.4100461054508,1,20785.0
2006-06-01,621.2947829367897,2,6309.0
2006-07-01,621.1357059422825,2,8735.0
2006-08-01,621.1120405396204,2,10263.0
2006-09-01,621.084352829877,0,11151.0
2006-10-01,621.1018461339614,0,43008.0
2006-11-01,621.1889038085938,1,154529.0
2006-12-01,621.298356310713,2,352909.0
2007-01-01,621.2297667860403,2,432752.0
2007-02-01,621.2240157354446,1,122067.0
2007-03-01,621.0442006475915,2,36545.0
2007-04-01,620.9299252517502,1,4901.0
2007-05-01,620.8944494521513,1,6112.0
2007-06-01,620.9107564290365,1,12703.0
2007-07-01,620.8914257699993,2,24354.0
2007-08-01,621.0129388343354,1,29634.0
2007-09-01,621.2264483704229,1,40388.0
2007-10-01,621.4082470070699,2,148711.0
2007-11-01,621.558619027186,2,65919.0
2007-12-01,621.6037621521414,2,252089.0
2008-01-01,621.5618153681154,1,248678.0
2008-02-01,621.4829434481534,1,71426.0
2008-03-01,621.3826363623068,2,31541.0
2008-04-01,621.3396533784412,1,4167.0
2008-05-01,621.3544261150895,1,8593.0
2008-06-01,621.3608773103523,2,4445.0
2008-07-01,621.3192941308471,1,2156.0
2008-08-01,621.3677568810426,2,9213.0
2008-09-01,621.4089965820312,0,32860.0
2008-10-01,621.5170477933315,1,176474.0
2008-11-01,621.6194475270281,2,387996.0
2008-12-01,621.5498783413616,2,298946.0
2009-01-01,621.410057895694,2,569943.0
2009-02-01,621.3418932332621,4,181725.0
2009-03-01,621.2866713000882,7,28932.0
2009-04-01,621.2062893337674,7,3719.0
2009-05-01,621.2037307575185,5,6371.0
2009-06-01,621.1084055582683,6,3659.0
2009-07-01,620.9918232579386,7,2930.0
2009-08-01,620.920658234627,6,1199.0
2009-09-01,620.9309219360351,4,4770.0
2009-10-01,620.9986852830456,7,11771.0
2009-11-01,620.9541761610243,8,24864.0
2009-12-01,621.0032050019951,5,86154.0
2010-01-01,620.9501716859879,6,107373.0
2010-02-01,620.8534611293247,6,14495.0
2010-03-01,620.9686220230594,7,6486.0
2010-04-01,620.9621663411458,5,3425.0
2010-05-01,620.9829326576901,6,26186.0
2010-06-01,621.0868704659599,6,3726.0
2010-07-01,621.1902898973034,2,62493.0
2010-08-01,621.2533645278298,5,26754.0
2010-09-01,621.3868173750619,5,37369.0
2010-10-01,621.4954994775916,5,60511.0
2010-11-01,621.7084397468013,5,77954.0
2010-12-01,621.7747481721983,4,72995.0
2011-01-01,621.5776928317163,3,110560.0
2011-02-01,621.4354760306222,6,46214.0
2011-03-01,621.2726686539188,6,7671.0
2011-04-01,621.1605699327257,6,3201.0
2011-05-01,621.1478264921456,5,3418.0
2011-06-01,621.1207814534505,6,830.0
2011-07-01,621.1167717858943,7,1406.0
2011-08-01,621.1941678798693,5,1922.0
2011-09-01,621.4042824300129,5,3884.0
2011-10-01,621.5501730642012,4,8314.0
2011-11-01,621.8344545491537,5,24419.0
2011-12-01,622.0042019997874,5,109884.0
2012-01-01,621.9904355695171,4,58449.0
2012-02-01,621.9514181202856,3,12892.0
2012-03-01,621.8934968407475,1,2671.0
2012-04-01,621.8925104852933,0,4530.0
2012-05-01,621.891524129839,0,7308.0
2012-06-01,621.8905377743849,0,2602.0
2012-07-01,621.8895514189308,0,3498.0
2012-08-01,621.8885488937151,0,5399.0
2012-09-01,621.8875625382608,0,5320.0
2012-10-01,621.8865761828066,0,23215.0
2012-11-01,621.8855898273525,0,54424.0
2012-12-01,621.8846034718983,0,355911.0
2013-01-01,621.8836009466826,0,274026.0
2013-02-01,621.8826469307515,0,43875.0
2013-03-01,621.8816929148204,0,7772.0
2013-04-01,621.9221439324732,1,6796.0
2013-05-01,621.9980750762535,2,5309.0
2013-06-01,621.9274103501264,2,1838.0
2013-07-01,621.8639539106974,2,766.0
2013-08-01,621.9280444150631,2,4437.0
2013-09-01,622.0104976878447,2,36843.0
2013-10-01,622.0260009765625,0,176908.0
2013-11-01,622.0908099072691,1,168127.0
2013-12-01,622.0472596771929,1,176377.0
2014-01-01,621.8629426033266,2,268566.0
2014-02-01,621.6548763884215,2,122284.0
2014-03-01,621.4373027649505,2,15415.0
2014-04-01,621.395487168256,2,6907.0
2014-05-01,621.4155955595129,1,14774.0
2014-06-01,621.3441907097312,1,2967.0
2014-07-01,621.3042683031347,2,7670.0
2014-08-01,621.3078120483166,2,6315.0
2014-09-01,621.4127732528558,1,28672.0
2014-10-01,621.4701520415689,2,122162.0
2014-11-01,621.6385353237976,2,282921.0
2014-12-01,621.7604549632352,2,470066.0
2015-01-01,621.5846880744485,1,753365.0
2015-02-01,621.4541652903837,1,405201.0
2015-03-01,621.3039417013498,2,24346.0
2015-04-01,621.2806181066176,2,8032.0
2015-05-01,621.3974819002387,2,11241.0
2015-06-01,621.4567472570083,1,5214.0
2015-07-01,621.4631646365625,1,6135.0
2015-08-01,621.392548485695,1,12874.0
2015-09-01,621.294646319221,0,18672.0
2015-10-01,621.3176249817312,2,9843.0
2015-11-01,621.4868796528249,0,53578.0
2015-12-01,621.6620949609141,2,114055.0
2016-01-01,621.6819391992559,2,135496.0
2016-02-01,621.5742576243185,1,60259.0
2016-03-01,621.5094330522447,4,5972.0
2016-04-01,621.5007770679615,3,4700.0
2016-05-01,621.7245069934476,3,41591.0
2016-06-01,621.766785120081,3,8986.0
2016-07-01,621.7660311353677,1,12539.0
2016-08-01,621.8362454553709,3,68388.0
2016-09-01,621.7677816353593,2,17248.0
2016-10-01,621.7859976549528,2,31795.0
2016-11-01,621.7394240435432,2,52867.0
2016-12-01,621.6659073368196,1,168461.0
2017-01-01,621.4940411967616,1,176860.0
2017-02-01,621.3932221755098,2,27043.0
2017-03-01,621.3020778346705,0,8796.0
2017-04-01,621.1353337904986,3,3211.0
2017-05-01,621.040555834544,2,9564.0
2017-06-01,621.0265868542241,2,2244.0
2017-07-01,621.1227864686282,1,2387.0
2017-08-01,621.2236496573281,2,3044.0
2017-09-01,621.3674108886719,2,54486.0
2017-10-01,621.518500937185,2,51309.0
2017-11-01,621.6973185221354,2,40180.0
2017-12-01,621.7366835650276,1,93733.0
2018-01-01,621.5824003563433,2,194201.0
2018-02-01,621.4278280434488,2,56775.0
2018-03-01,621.3365242829585,2,12736.0
2018-04-01,621.3940368652344,2,10591.0
2018-05-01,621.4910000490031,3,19579.0
2018-06-01,621.6173942283348,1,7199.0
2018-07-01,621.6625730453,3,6816.0
2018-08-01,621.6934846881671,1,9975.0
2018-09-01,621.7290542303347,2,12942.0
2018-10-01,621.7284559217304,2,16347.0
2018-11-01,621.7952459537282,3,31210.0
2018-12-01,621.7469340170583,5,94617.0
2019-01-01,621.6800075243879,4,58815.0
2019-02-01,621.5253542945499,4,12401.0
2019-03-01,621.2950560867146,7,8278.0
2019-04-01,621.2638066609701,3,3548.0
2019-05-01,621.2380329978986,3,4872.0
2019-06-01,621.2812170796805,3,10316.0
2019-07-01,621.397205021482,2,2314.0
2019-08-01,621.4370998259513,3,1656.0
2019-09-01,621.5209645589192,5,5917.0
2019-10-01,621.6705221852948,3,35011.0
2019-11-01,621.9716716930913,4,137324.0
2019-12-01,622.3455007466567,3,192065.0
2020-01-01,622.4872292661247,2,681779.0
2020-02-01,622.4174226281677,3,581318.0
2020-03-01,622.3874506444976,5,145389.0
2020-04-01,622.491666285197,3,8827.0
2020-05-01,622.7659632775092,3,11716.0
2020-06-01,622.9948978969029,3,9096.0
2020-07-01,623.2942522089796,3,3323.0
2020-08-01,623.5597494049362,2,5235.0
2020-09-01,623.8630069986979,4,42129.0
2020-10-01,624.2354933215726,4,105988.0
2020-11-01,624.6475697835286,4,354068.0
2020-12-01,624.912635655557,4,537327.0
2021-01-01,624.8136128087198,3,788769.0
2021-02-01,624.6245629446847,3,583330.0
2021-03-01,624.5793596821447,4,174574.0
2021-04-01,624.5225638355929,2,45634.0
2021-05-01,624.5858072067348,4,35075.0
2021-06-01,624.5590618315198,3,9831.0
2021-07-01,624.4962314306865,3,10420.0
2021-08-01,624.5579013947519,4,81452.0
2021-09-01,624.563780517578,2,63445.0
2021-10-01,624.6539085142074,6,370326.0
2021-11-01,624.5601690047827,3,633514.0
2021-12-01,624.4157758764829,3,802073.0
2022-01-01,624.1396339170394,3,1031733.0
2022-02-01,623.832364491054,4,1215389.0
2022-03-01,623.5337888656125,5,646696.0
2022-04-01,623.3554280598959,5,150734.0
2022-05-01,623.141152121804,0,164996.0
2022-06-01,623.048399060182,4,130323.0
2022-07-01,622.9128866216188,5,93107.0
2022-08-01,623.0118245442709,1,136042.0
2022-09-01,623.0600636800131,3,287229.0
2022-10-01,623.0114647649949,2,606222.0
2022-11-01,623.104692586263,3,1679176.0
2022-12-01,623.1678191154234,3,2221216.0
2023-01-01,623.0374819090584,3,2247969.0
2023-02-01,622.8957464726692,2,2019737.0
2023-03-01,622.6440147205606,2,1201035.0
2023-04-01,622.724593121564,2,774415.0
2023-05-01,622.6959807146408,3,902400.0
2023-06-01,622.7171287027995,4,474483.0
2023-07-01,622.8326183082448,4,267321.0
2023-08-01,622.7790402816549,4,548087.0
2023-09-01,622.7194811107494,2,341726.0
2023-10-01,622.88176878789,3,722044.0
2023-11-01,623.3142551280835,4,963803.0
2023-12-01,623.5986872026997,4,1840093.0
2024-01-01,623.7269393756826,3,2028250.0
2024-02-01,623.627305304867,4,1159845.0
2024-03-01,623.5378376622353,5,932297.0
2024-04-01,623.5236340332032,2,618394.0
2024-05-01,623.7643062468497,3,409993.0
2024-06-01,624.0023402130909,3,186696.0
2024-07-01,624.1212754924007,3,188608.0
2024-08-01,624.3000610957371,4,152124.0
2024-09-01,624.5630096435547,5,400038.0
2024-10-01,624.8395338792068,4,699546.0
2024-11-01,624.8738054089669,4,1308172.0
2024-12-01,624.8786601404989,3,1933817.0
2025-01-01,624.6938344647808,5,2095339.0
2025-02-01,624.3919561476935,4,1413126.0
2025-03-01,624.1495195614394,4,1047391.0
2025-04-01,624.0688252766927,4,448843.0
2025-05-01,624.0602963355279,5,446135.0
2025-06-01,624.0431925455729,4,322187.0
2025-07-01,624.0581276695243,1,178121.0
2025-08-01,624.0873855573847,4,93993.0
2025-09-01,624.2304845174153,4,127457.0
2025-10-01,624.3159527756651,3,423540.0
2025-11-01,624.2854624188135,4,1144216.0
2025-12-01,624.241089751755,5,1006670.0
