year_month,discharge_mean_m3_s,flood_pixel_count,observation_days
2000-01-01,5715.227231739286,0.0,31
2000-02-01,5623.551684610617,1167.0,29
2000-03-01,5612.36151853528,717.0,31
2000-04-01,5665.731164646085,523.0,30
2000-05-01,5210.495530327951,265.0,31
2000-06-01,5404.964426676349,118.0,30
2000-07-01,5266.186464720805,190.0,31
2000-08-01,5407.589191363408,129.0,31
2000-09-01,5382.191721302422,485.0,30
2000-10-01,5546.9912501318995,589.0,31
2000-11-01,5538.16975824999,754.0,30
2000-12-01,5625.000560785612,6254.0,31
2001-01-01,5707.073583831236,7477.0,31
2001-02-01,5667.330633465781,1098.0,28
2001-03-01,5725.897320370287,241.0,31
2001-04-01,5673.312458480033,116.0,30
2001-05-01,5481.931555365091,67.0,31
2001-06-01,5194.113608109617,33.0,30
2001-07-01,5575.622867891253,119.0,31
2001-08-01,5479.005666102052,648.0,31
2001-09-01,5648.684723057687,2477.0,30
2001-10-01,5420.276493387099,2972.0,31
2001-11-01,5557.3415550407835,4750.0,30
2001-12-01,5691.640454779398,3847.0,31
2002-01-01,5694.7380344608555,4654.0,31
2002-02-01,5612.709402163912,4817.0,28
2002-03-01,5786.234306149278,505.0,31
2002-04-01,5716.203029074652,51.0,30
2002-05-01,5698.627445279867,1387.0,31
2002-06-01,5146.480176978133,1064.0,30
2002-07-01,5320.199954995454,1146.0,31
2002-08-01,5245.855860329741,4305.0,31
2002-09-01,5561.282147227108,6352.0,30
2002-10-01,5436.711818858366,9406.0,31
2002-11-01,5439.975566585886,16447.0,30
2002-12-01,5496.108687718871,65770.0,31
2003-01-01,5587.805675662233,94317.0,31
2003-02-01,5677.021019310689,20584.0,28
2003-03-01,5655.908919430579,3799.0,31
2003-04-01,5586.519850391904,4930.0,30
2003-05-01,5724.793811382021,9235.0,31
2003-06-01,5248.181067716015,8107.0,30
2003-07-01,5546.965610034573,4766.0,31
2003-08-01,5643.926968024708,5983.0,31
2003-09-01,5531.245512088181,27868.0,30
2003-10-01,5465.726728590574,31609.0,31
2003-11-01,5408.398234069001,47833.0,30
2003-12-01,5464.631659875857,61521.0,31
2004-01-01,5593.544233982388,47742.0,31
2004-02-01,5621.550736746944,28125.0,29
2004-03-01,5594.396604903665,10366.0,31
2004-04-01,5422.691240277736,3700.0,30
2004-05-01,5317.911897524538,5211.0,31
2004-06-01,5290.088144732767,4537.0,30
2004-07-01,5212.779301541576,5190.0,31
2004-08-01,5062.196300867019,2236.0,31
2004-09-01,5444.402792146968,3373.0,30
2004-10-01,5552.462101188216,6878.0,31
2004-11-01,5468.654243083899,18094.0,30
2004-12-01,5422.7879578584025,43159.0,31
2005-01-01,5523.885604153496,66507.0,31
2005-02-01,5428.854985826792,21968.0,28
2005-03-01,5592.720805875066,8859.0,31
2005-04-01,5628.893354534905,1817.0,30
2005-05-01,5503.735978725804,11024.0,31
2005-06-01,5382.98985157033,17512.0,30
2005-07-01,5513.87886873923,13577.0,31
2005-08-01,5558.728171509467,14765.0,31
2005-09-01,5409.065033000878,13956.0,30
2005-10-01,5629.406366131506,25644.0,31
2005-11-01,5503.553886405378,58711.0,30
2005-12-01,5680.414592117386,105804.0,31
2006-01-01,5761.152958433177,50931.0,31
2006-02-01,5749.825977576015,22595.0,28
2006-03-01,5709.372877510108,6098.0,31
2006-04-01,5741.850227687244,3725.0,30
2006-05-01,5520.3302286446815,20785.0,31
2006-06-01,5340.463281284072,6309.0,30
2006-07-01,5370.06417679405,8735.0,31
2006-08-01,5520.462854252805,10263.0,31
2006-09-01,5523.345902563746,11151.0,30
2006-10-01,5523.879337791025,43008.0,31
2006-11-01,5672.099346940737,154529.0,30
2006-12-01,5574.057467115533,352909.0,31
2007-01-01,5672.778550618877,432752.0,31
2007-02-01,5759.822906487684,122067.0,28
2007-03-01,5717.48327538741,36545.0,31
2007-04-01,5521.876306049194,4901.0,30
2007-05-01,5419.799474245386,6112.0,31
2007-06-01,5143.296799480276,12703.0,30
2007-07-01,5543.949435180677,24354.0,31
2007-08-01,5438.310790041617,29634.0,31
2007-09-01,5228.8680287282305,40388.0,30
2007-10-01,5189.835756822414,148711.0,31
2007-11-01,5542.854964538419,65919.0,30
2007-12-01,5599.0019315489235,252089.0,31
2008-01-01,5840.1418010099915,248678.0,31
2008-02-01,5805.686737725829,71426.0,29
2008-03-01,5861.047349325298,31541.0,31
2008-04-01,5657.26476129738,4167.0,30
2008-05-01,5549.07804339799,8593.0,31
2008-06-01,5626.552907002977,4445.0,30
2008-07-01,5566.365966502056,2156.0,31
2008-08-01,5557.01271358764,9213.0,31
2008-09-01,5597.738894226907,32860.0,30
2008-10-01,5652.636846847584,176474.0,31
2008-11-01,5557.759392398989,387996.0,30
2008-12-01,5766.88946041956,298946.0,31
2009-01-01,5687.4116191739095,569943.0,31
2009-02-01,5781.606440092607,181725.0,28
2009-03-01,5778.231903160836,28932.0,31
2009-04-01,5571.5891081813725,3719.0,30
2009-05-01,5460.757385855823,6371.0,31
2009-06-01,5213.9790316157705,3659.0,30
2009-07-01,5031.416523103412,2930.0,31
2009-08-01,5378.501718551752,1199.0,31
2009-09-01,5452.662420083191,4770.0,30
2009-10-01,5413.229428866945,11771.0,31
2009-11-01,5458.035272880851,24864.0,30
2009-12-01,5619.767998680371,86154.0,31
2010-01-01,5661.552420597171,107373.0,31
2010-02-01,5710.240021751618,14495.0,28
2010-03-01,5748.250388136394,6486.0,31
2010-04-01,5605.132567722889,3425.0,30
2010-05-01,5258.535030316848,26186.0,31
2010-06-01,4801.548158568079,3726.0,30
2010-07-01,5278.23235510145,62493.0,31
2010-08-01,5414.450292981801,26754.0,31
2010-09-01,5460.534329802941,37369.0,30
2010-10-01,5274.186552356923,60511.0,31
2010-11-01,5345.818841035768,77954.0,30
2010-12-01,5338.602167018078,72995.0,31
2011-01-01,5497.318528749364,110560.0,31
2011-02-01,5576.850180743441,46214.0,28
2011-03-01,5567.725483850219,7671.0,31
2011-04-01,5558.500940653836,3201.0,30
2011-05-01,5427.092406247872,3418.0,31
2011-06-01,5279.119771500683,830.0,30
2011-07-01,5445.078352308863,1406.0,31
2011-08-01,5609.641745514726,1922.0,31
2011-09-01,5521.3243209566135,3884.0,30
2011-10-01,5628.889136647318,8314.0,31
2011-11-01,5585.111150926713,24419.0,30
2011-12-01,5692.301577845216,109884.0,31
2012-01-01,5768.686840038639,58449.0,31
2012-02-01,5642.189588355995,12892.0,29
2012-03-01,5712.514539254774,2671.0,31
2012-04-01,5789.665309392561,4530.0,30
2012-05-01,5405.684299471724,7308.0,31
2012-06-01,5099.373866869786,2602.0,30
2012-07-01,5214.199989474751,3498.0,31
2012-08-01,5272.165359385643,5399.0,31
2012-09-01,5370.050266150186,5320.0,30
2012-10-01,5471.673291744944,23215.0,31
2012-11-01,5576.144373924011,54424.0,30
2012-12-01,5723.353964336443,355911.0,31
2013-01-01,5749.429234203627,274026.0,31
2013-02-01,5863.049670251391,43875.0,28
2013-03-01,5850.841077469936,7772.0,31
2013-04-01,5699.617200191821,6796.0,30
2013-05-01,5335.717334260575,5309.0,31
2013-06-01,5103.931080237524,1838.0,30
2013-07-01,5260.044941155582,766.0,31
2013-08-01,5440.492814542555,4437.0,31
2013-09-01,5427.917799485817,36843.0,30
2013-10-01,5521.4450052726,176908.0,31
2013-11-01,5610.886080719365,168127.0,30
2013-12-01,5575.578358578719,176377.0,31
2014-01-01,5670.105589759407,268566.0,31
2014-02-01,5700.170634859288,122284.0,28
2014-03-01,5640.952602942658,15415.0,31
2014-04-01,5205.182878749559,6907.0,30
2014-05-01,5503.447825546707,14774.0,31
2014-06-01,5371.853027913966,2967.0,30
2014-07-01,5554.035867883399,7670.0,31
2014-08-01,5490.537550305344,6315.0,31
2014-09-01,5518.12854374191,28672.0,30
2014-10-01,5645.477408140602,122162.0,31
2014-11-01,5578.9275723431665,282921.0,30
2014-12-01,5623.571795084926,470066.0,31
2015-01-01,5670.020347830938,753365.0,31
2015-02-01,5698.347070789451,405201.0,28
2015-03-01,5678.1484687767825,24346.0,31
2015-04-01,5643.342779983645,8032.0,30
2015-05-01,5362.335407185962,11241.0,31
2015-06-01,5548.758188750724,5214.0,30
2015-07-01,5519.9008390775325,6135.0,31
2015-08-01,5557.39348753136,12874.0,31
2015-09-01,5556.212010671579,18672.0,30
2015-10-01,5444.7366677256805,9843.0,31
2015-11-01,5507.5597883957425,53578.0,30
2015-12-01,5557.093943359165,114055.0,31
2016-01-01,5715.5041355730955,135496.0,31
2016-02-01,5783.484939437209,60259.0,29
2016-03-01,5720.629193682026,5972.0,31
2016-04-01,5682.774775417247,4700.0,30
2016-05-01,5633.528113090025,41591.0,31
2016-06-01,5558.91967848837,8986.0,30
2016-07-01,5413.3507267814175,12539.0,31
2016-08-01,5571.051037635926,68388.0,31
2016-09-01,5468.288577097384,17248.0,30
2016-10-01,5554.533388917351,31795.0,31
2016-11-01,5604.522289874895,52867.0,30
2016-12-01,5768.604786552114,168461.0,31
2017-01-01,5727.236270563617,176860.0,31
2017-02-01,5762.510130402944,27043.0,28
2017-03-01,5775.2517721711,8796.0,31
2017-04-01,5692.246997077952,3211.0,30
2017-05-01,5421.112141017317,9564.0,31
2017-06-01,5169.772870715229,2244.0,30
2017-07-01,5574.415261428996,2387.0,31
2017-08-01,5463.209943738825,3044.0,31
2017-09-01,5261.310515264405,54486.0,30
2017-10-01,5253.294283018709,51309.0,31
2017-11-01,5265.035212964348,40180.0,30
2017-12-01,5539.767295768964,93733.0,31
2018-01-01,5718.012331694539,194201.0,31
2018-02-01,5745.071676748302,56775.0,28
2018-03-01,5694.220797407562,12736.0,31
2018-04-01,5700.117543306543,10591.0,30
2018-05-01,5553.915360815423,19579.0,31
2018-06-01,5323.1329336226645,7199.0,30
2018-07-01,5418.537176027824,6816.0,31
2018-08-01,5396.635708771805,9975.0,31
2018-09-01,5570.30023875948,12942.0,30
2018-10-01,5626.967958045698,16347.0,31
2018-11-01,5673.834770616912,31210.0,30
2018-12-01,5814.494736446762,94617.0,31
2019-01-01,5909.895590416835,58815.0,31
2019-02-01,5875.437079652383,12401.0,28
2019-03-01,5903.643876189891,8278.0,31
2019-04-01,5874.59477690792,3548.0,30
2019-05-01,5392.350273870971,4872.0,31
2019-06-01,5285.612032822517,10316.0,30
2019-07-01,5621.098419784266,2314.0,31
2019-08-01,5739.621412462001,1656.0,31
2019-09-01,5846.52455388669,5917.0,30
2019-10-01,5707.5325608020175,35011.0,31
2019-11-01,5690.470930445655,137324.0,30
2019-12-01,5661.560956698196,192065.0,31
2020-01-01,5790.099587300796,681779.0,31
2020-02-01,5791.934407341324,581318.0,29
2020-03-01,5799.5313357577415,145389.0,31
2020-04-01,5779.625564926181,8827.0,30
2020-05-01,5469.683719263995,11716.0,31
2020-06-01,5260.9057957197465,9096.0,30
2020-07-01,5160.30052803092,3323.0,31
2020-08-01,5429.028585406185,5235.0,31
2020-09-01,5528.411320077285,42129.0,30
2020-10-01,5490.898381292419,105988.0,31
2020-11-01,5453.112996590626,354068.0,30
2020-12-01,5565.323140603741,537327.0,31
2021-01-01,5248.054336017217,788769.0,31
2021-02-01,4960.042713067182,583330.0,28
2021-03-01,5071.410001609044,174574.0,31
2021-04-01,5493.379639990077,45634.0,30
2021-05-01,5141.125049879891,35075.0,31
2021-06-01,5371.71636244451,9831.0,30
2021-07-01,5656.272428216513,10420.0,31
2021-08-01,5465.4517220808875,81452.0,31
2021-09-01,5245.328125167726,63445.0,30
2021-10-01,4581.227441047598,370326.0,31
2021-11-01,4157.665144800214,633514.0,30
2021-12-01,3902.516247877565,802073.0,31
2022-01-01,4205.437585609321,1031733.0,31
2022-02-01,4290.776727325142,1215389.0,28
2022-03-01,5186.029832658686,646696.0,31
2022-04-01,5293.2071286892715,150734.0,30
2022-05-01,5012.90769228445,164996.0,31
2022-06-01,5009.089137135055,130323.0,30
2022-07-01,4924.286055562928,93107.0,31
2022-08-01,4709.239788374621,136042.0,31
2022-09-01,4237.184150655896,287229.0,30
2022-10-01,3646.8209516383336,606222.0,31
2022-11-01,3349.298504686083,1679176.0,30
2022-12-01,3272.4438986997166,2221216.0,31
2023-01-01,2740.279813976123,2247969.0,31
2023-02-01,3271.4491022831394,2019737.0,28
2023-03-01,4237.276906004507,1201035.0,31
2023-04-01,4964.050720224014,774415.0,30
2023-05-01,4790.822545516644,902400.0,31
2023-06-01,4666.983786789099,474483.0,30
2023-07-01,5147.373282805951,267321.0,31
2023-08-01,5038.723943002809,548087.0,31
2023-09-01,4998.097927526748,341726.0,30
2023-10-01,5030.556385699615,722044.0,31
2023-11-01,5114.6211346405,963803.0,30
2023-12-01,4786.499419113244,1840093.0,31
2024-01-01,4889.184250519689,2028250.0,31
2024-02-01,5037.342135181153,1159845.0,29
2024-03-01,5036.61269656377,932297.0,31
2024-04-01,5073.496472402328,618394.0,30
2024-05-01,5190.248406613473,409993.0,31
2024-06-01,5268.778504730874,186696.0,30
2024-07-01,5321.799056260759,188608.0,31
2024-08-01,5400.252148605707,152124.0,31
2024-09-01,5380.486878304566,400038.0,30
2024-10-01,4887.162890693475,699546.0,31
2024-11-01,4501.748627380625,1308172.0,30
2024-12-01,4285.270338540554,1933817.0,31
2025-01-01,4349.397404283143,2095339.0,31
2025-02-01,4630.263679692701,1413126.0,28
2025-03-01,4775.396566729719,1047391.0,31
2025-04-01,5065.4477398795225,448843.0,30
2025-05-01,5220.238643564951,446135.0,31
2025-06-01,5063.304580329563,322187.0,30
2025-07-01,5041.667332110913,178121.0,31
2025-08-01,5431.200883042399,93993.0,31
2025-09-01,5145.75455251985,127457.0,30
2025-10-01,4618.66103165095,423540.0,31
2025-11-01,3811.3562157306615,1144216.0,30
2025-12-01,4506.019470921601,1406232.0,31
