model,lead,fold,test_years,group,n_cells,n_flooded,base_rate,precision,recall,f1,csi,pr_auc,brier,threshold
convlstm-calibrated,3,5,2018-2019,all,59601600,166719,0.002797223564468,0.2825289142395129,0.2682837588997055,0.2752221319746978,0.1595696101375649,0.170053580807289,0.0025324106143471,0.0336624873935903
convlstm-calibrated,3,5,2018-2019,unusual,59217768,121706,0.0020552277485365,0.2072674325063551,0.2116986837132105,0.2094596242490264,0.1169812348750732,0.1331878370663373,0.0018942974440657,0.0336624873935903
convlstm-calibrated,3,5,2018-2019,recurring,383832,45013,0.1172726609558348,0.5576532862814292,0.4212782973807566,0.4799665898909109,0.3157605528265756,0.4491449758564745,0.1009807882260902,0.0336624873935903
convlstm-calibrated,3,6,2020-2021,all,59601600,935811,0.0157011053394539,0.4157728246649358,0.5484622429101603,0.472987767454462,0.309747202657302,0.3510963006112713,0.012998646164868,0.0130190177773829
convlstm-calibrated,3,6,2020-2021,unusual,59217768,850848,0.0143681200547781,0.4023736994949046,0.5321796607619692,0.4582618992197066,0.2972371889802649,0.3351790900987078,0.0119645246143444,0.0130190177773829
convlstm-calibrated,3,6,2020-2021,recurring,383832,84963,0.2213546551616332,0.5539387719571532,0.7115214858232407,0.6229185557662188,0.4523469242683867,0.604808287851919,0.1725433690194013,0.0130190177773829
convlstm-calibrated,3,7,2022-2023,all,59601600,2910067,0.0488253167700196,0.6913549479184915,0.7797779226388946,0.7329090877967342,0.5784187075592896,0.6807838607880824,0.0239226176322434,0.1958881273202327
convlstm-calibrated,3,7,2022-2023,unusual,59217768,2835830,0.0478881608641514,0.6957894336942635,0.7814632753021161,0.736142010725744,0.5824562703824488,0.6849976272885456,0.0233629480543529,0.1958881273202327
convlstm-calibrated,3,7,2022-2023,recurring,383832,74237,0.1934101377686071,0.5461192003948667,0.7153979821382869,0.6194011138000409,0.4486466851388795,0.5808864940152108,0.1102686836720282,0.1958881273202327
convlstm-calibrated,3,8,2024-2025,all,59601600,2645133,0.0443802347587984,0.7501997469435443,0.7578567882976017,0.7540088286005736,0.6051478099589692,0.7458862421411305,0.0174946494883426,0.5256374512033715
convlstm-calibrated,3,8,2024-2025,unusual,59217768,2585140,0.0436548030651881,0.7514714304166872,0.7629091654610582,0.757147104773528,0.6092009019583616,0.7485812301855213,0.0170420621002865,0.5256374512033715
convlstm-calibrated,3,8,2024-2025,recurring,383832,59993,0.1563001521498989,0.6801486021324826,0.5401463504075475,0.602116372622797,0.4307342620161633,0.6264756333127112,0.0873200286793225,0.5256374512033715
convlstm-calibrated,6,5,2018-2019,all,59601600,166719,0.002797223564468,0.286428333412672,0.1082720025911863,0.1571428571428571,0.0852713178294573,0.060766754034867,0.0026787186557011,0.2039656434030279
convlstm-calibrated,6,5,2018-2019,unusual,59217768,121706,0.0020552277485365,0.2045055317575272,0.0545248385453469,0.0860951639583536,0.0449840359546905,0.0239690916913714,0.0020306891553336,0.2039656434030279
convlstm-calibrated,6,5,2018-2019,recurring,383832,45013,0.1172726609558348,0.3733808713855815,0.2535934063492768,0.302044056360389,0.1778868630201028,0.2690583746640308,0.102656991988621,0.2039656434030279
convlstm-calibrated,6,6,2020-2021,all,59601600,935811,0.0157011053394539,0.350239448379066,0.2460977697419671,0.2890751893478201,0.1689584413926575,0.1703342855095819,0.0149015961874956,0.0281597140995918
convlstm-calibrated,6,6,2020-2021,unusual,59217768,850848,0.0143681200547781,0.3252203815013423,0.2169741246380082,0.2602918575960522,0.1496181176897741,0.1494882046208772,0.0137118073299059,0.0281597140995918
convlstm-calibrated,6,6,2020-2021,recurring,383832,84963,0.2213546551616332,0.5082145916063225,0.537751727222438,0.5225661085186202,0.3536984710663828,0.4667735473738732,0.1984627389211031,0.0281597140995918
convlstm-calibrated,6,7,2022-2023,all,59601600,2910067,0.0488253167700196,0.5801065047605481,0.7263310432371488,0.6450355984289695,0.4760535388834384,0.6120230066457781,0.0321752199655053,0.0650956578125663
convlstm-calibrated,6,7,2022-2023,unusual,59217768,2835830,0.0478881608641514,0.582828523204893,0.7280492836312473,0.6473950303931283,0.4786283097727272,0.6150520655716616,0.0314885346206899,0.0650956578125663
convlstm-calibrated,6,7,2022-2023,recurring,383832,74237,0.1934101377686071,0.484798165500336,0.6606948017834773,0.5592415440484809,0.3881577385427466,0.5403911897038206,0.1381173338025054,0.0650956578125663
convlstm-calibrated,6,8,2024-2025,all,59601600,2645133,0.0443802347587984,0.6687323719581378,0.7246146035000887,0.6955528681501024,0.5332166027792221,0.6650626371340267,0.0216237833704257,0.4516293017128265
convlstm-calibrated,6,8,2024-2025,unusual,59217768,2585140,0.0436548030651881,0.6720478091342974,0.7290699923408404,0.6993985666906325,0.537750112200799,0.6685773077795846,0.0210961464706361,0.4516293017128265
convlstm-calibrated,6,8,2024-2025,recurring,383832,59993,0.1563001521498989,0.5180021722567153,0.5326288066941143,0.5252136752136751,0.3561286583598956,0.5316049303794002,0.103027833892464,0.4516293017128265
convlstm,3,5,2018-2019,all,59601600,166719,0.002797223564468,0.2825289142395129,0.2682837588997055,0.2752221319746978,0.1595696101375649,0.1767302756036509,0.0318973199424163,0.35
convlstm,3,5,2018-2019,unusual,59217768,121706,0.0020552277485365,0.2072674325063551,0.2116986837132105,0.2094596242490264,0.1169812348750732,0.1366088859259585,0.0315194651404735,0.35
convlstm,3,5,2018-2019,recurring,383832,45013,0.1172726609558348,0.5576532862814292,0.4212782973807566,0.4799665898909109,0.3157605528265756,0.4956954436865057,0.0901929232249206,0.35
convlstm,3,6,2020-2021,all,59601600,935811,0.0157011053394539,0.4157728246649358,0.5484622429101603,0.472987767454462,0.309747202657302,0.3648689824001184,0.0404301974815619,0.3
convlstm,3,6,2020-2021,unusual,59217768,850848,0.0143681200547781,0.4023736994949046,0.5321796607619692,0.4582618992197066,0.2972371889802649,0.3479306124854468,0.0398502878198861,0.3
convlstm,3,6,2020-2021,recurring,383832,84963,0.2213546551616332,0.5539387719571532,0.7115214858232407,0.6229185557662188,0.4523469242683867,0.6351465727208929,0.1298989124560217,0.3
convlstm,3,7,2022-2023,all,59601600,2910067,0.0488253167700196,0.6913548313190206,0.7797782662735944,0.7329091740618391,0.5784188150199803,0.677606176045803,0.0717100740629679,0.3999999999999999
convlstm,3,7,2022-2023,unusual,59217768,2835830,0.0478881608641514,0.695789310750066,0.781463627932563,0.7361420983739321,0.5824563801253435,0.681579948824751,0.0712954379679453,0.3999999999999999
convlstm,3,7,2022-2023,recurring,383832,74237,0.1934101377686071,0.5461192003948667,0.7153979821382869,0.6194011138000409,0.4486466851388795,0.5797421565542071,0.1356803112486798,0.3999999999999999
convlstm,3,8,2024-2025,all,59601600,2645133,0.0443802347587984,0.7501997469435443,0.7578567882976017,0.7540088286005736,0.6051478099589692,0.7443072310188527,0.0503731304378832,0.4499999999999999
convlstm,3,8,2024-2025,unusual,59217768,2585140,0.0436548030651881,0.7514714304166872,0.7629091654610582,0.757147104773528,0.6092009019583616,0.7470327181966027,0.0500230397340569,0.4499999999999999
convlstm,3,8,2024-2025,recurring,383832,59993,0.1563001521498989,0.6801486021324826,0.5401463504075475,0.602116372622797,0.4307342620161633,0.6241435926329202,0.10438527658033,0.4499999999999999
convlstm,6,5,2018-2019,all,59601600,166719,0.002797223564468,0.286428333412672,0.1082720025911863,0.1571428571428571,0.0852713178294573,0.0646708582181682,0.0268738737636186,0.4499999999999999
convlstm,6,5,2018-2019,unusual,59217768,121706,0.0020552277485365,0.2045055317575272,0.0545248385453469,0.0860951639583536,0.0449840359546905,0.0260467997369781,0.0263890918878934,0.4499999999999999
convlstm,6,5,2018-2019,recurring,383832,45013,0.1172726609558348,0.3733808713855815,0.2535934063492768,0.302044056360389,0.1778868630201028,0.2888208391017731,0.1016662325229275,0.4499999999999999
convlstm,6,6,2020-2021,all,59601600,935811,0.0157011053394539,0.350239448379066,0.2460977697419671,0.2890751893478201,0.1689584413926575,0.2042892027306458,0.0487069115589627,0.3999999999999999
convlstm,6,6,2020-2021,unusual,59217768,850848,0.0143681200547781,0.3252203815013423,0.2169741246380082,0.2602918575960522,0.1496181176897741,0.1817558210612984,0.048066446533584,0.3999999999999999
convlstm,6,6,2020-2021,recurring,383832,84963,0.2213546551616332,0.5082145916063225,0.537751727222438,0.5225661085186202,0.3536984710663828,0.5040406551487853,0.1475181343986228,0.3999999999999999
convlstm,6,7,2022-2023,all,59601600,2910067,0.0488253167700196,0.5801074600386926,0.7263310432371488,0.6450361889718316,0.4760541822016395,0.6132285198849196,0.0852409255660277,0.35
convlstm,6,7,2022-2023,unusual,59217768,2835830,0.0478881608641514,0.5828295103763957,0.7280492836312473,0.6473956393961036,0.4786289755173206,0.61625707529402,0.0848570001513735,0.35
convlstm,6,7,2022-2023,recurring,383832,74237,0.1934101377686071,0.484798165500336,0.6606948017834773,0.5592415440484809,0.3881577385427466,0.5412251490705435,0.1444731056195238,0.35
convlstm,6,8,2024-2025,all,59601600,2645133,0.0443802347587984,0.6687323719581378,0.7246146035000887,0.6955528681501024,0.5332166027792221,0.661510142374974,0.0772546423709888,0.4499999999999999
convlstm,6,8,2024-2025,unusual,59217768,2585140,0.0436548030651881,0.6720478091342974,0.7290699923408404,0.6993985666906325,0.537750112200799,0.6650404995379702,0.0769009925907703,0.4499999999999999
convlstm,6,8,2024-2025,recurring,383832,59993,0.1563001521498989,0.5180021722567153,0.5326288066941143,0.5252136752136751,0.3561286583598956,0.5281724361381099,0.1318158843680892,0.4499999999999999
convlstm_no-era5,3,8,2024-2025,all,59601600,2645133,0.0443802347587984,0.7190061201093929,0.7563808700734519,0.7372201033832907,0.5838072853063946,0.7261723507720395,0.065604311678483,0.3999999999999999
convlstm_no-era5,3,8,2024-2025,unusual,59217768,2585140,0.0436548030651881,0.7219459968311424,0.7582602876439961,0.7396576882048876,0.5868704726348423,0.7282576818251759,0.0652795745959785,0.3999999999999999
convlstm_no-era5,3,8,2024-2025,recurring,383832,59993,0.1563001521498989,0.600673031309298,0.6753954628039938,0.6358464954609295,0.4661106637524445,0.6192289961404618,0.1157048900897115,0.3999999999999999
convlstm_no-stage1,3,8,2024-2025,all,59601600,2645133,0.0443802347587984,0.7403947747837963,0.7658832277998876,0.7529233501185395,0.6037506597450188,0.7668809095283908,0.0498378308581335,0.3999999999999999
convlstm_no-stage1,3,8,2024-2025,unusual,59217768,2585140,0.0436548030651881,0.7428164082134495,0.7688825363423257,0.755624743988542,0.6072322157951882,0.7695056765552922,0.0494845136362636,0.3999999999999999
convlstm_no-stage1,3,8,2024-2025,recurring,383832,59993,0.1563001521498989,0.6330007623719712,0.6366409414431684,0.6348156335441408,0.4650035915604417,0.6418451465539349,0.1043477656084319,0.3999999999999999
persistence,1,1,2010-2011,all,59601600,173920,0.0029180424686585,0.3427161417829285,0.3370055197792088,0.3398368421357794,0.204700869625956,0.1174318775480513,0.0038206692437786,0.5
climatology,1,1,2010-2011,all,59601600,173920,0.0029180424686585,0.0516247294284358,0.1826586936522539,0.0804982743853923,0.0419370679959235,0.0299748029312291,0.0030395195342405,0.13
persistence,1,1,2010-2011,unusual,59217768,144266,0.0024361944881137,0.2880935381483235,0.2824920632720114,0.2852653056938966,0.1663611908251113,0.0831321268874884,0.0034486102211755,0.5
climatology,1,1,2010-2011,unusual,59217768,144266,0.0024361944881137,0.024779980442706,0.0927453454036294,0.0391103420254947,0.0199452028656695,0.0047082594117035,0.0026296360410052,0.13
persistence,1,1,2010-2011,recurring,383832,29654,0.077257758602722,0.60410676228815,0.6022121804815539,0.6031579836190154,0.4318011461179486,0.3945326458966578,0.0612220971675107,0.5
climatology,1,1,2010-2011,recurring,383832,29654,0.077257758602722,0.2438338725932212,0.6200849801038646,0.3500276016979803,0.2121414891898751,0.2412272767323987,0.0662765232479334,0.13
persistence,1,2,2012-2013,all,59601600,188131,0.0031564756650828,0.5717597946887839,0.5518441936735573,0.5616254946457889,0.3904584602655233,0.3169369157718256,0.00271923908083,0.5
climatology,1,2,2012-2013,all,59601600,188131,0.0031564756650828,0.2034180742762896,0.1901175244909132,0.1965430362044285,0.1089812732712968,0.0757329143814097,0.0030868969067421,0.115
persistence,1,2,2012-2013,unusual,59217768,152182,0.002569870583437,0.558824330025996,0.5395973242564823,0.5490425503463401,0.3784001732631065,0.3027232885043778,0.002277931177683,0.5
climatology,1,2,2012-2013,unusual,59217768,152182,0.002569870583437,0.1506361276305856,0.1075225716576204,0.1254792797766939,0.0669393933195606,0.0344863020934493,0.0026146524468196,0.115
persistence,1,2,2012-2013,recurring,383832,35949,0.093658162946289,0.6266458766458767,0.6036885587916214,0.6149530326858503,0.443994353403302,0.4154167476832344,0.0708044144313137,0.5
climatology,1,2,2012-2013,recurring,383832,35949,0.093658162946289,0.2887328135230045,0.5397646666110323,0.3762178511531415,0.2316923187142533,0.2903132849416856,0.0759449776998349,0.115
persistence,1,3,2014-2015,all,59601600,426837,0.0071615023757751,0.571183127933242,0.5716889585485795,0.571435931301607,0.400007212712734,0.3296064380896002,0.0061410431934713,0.5
climatology,1,3,2014-2015,all,59601600,426837,0.0071615023757751,0.2259264020886695,0.1070432038459646,0.1452618225923624,0.078319314478874,0.065462758296906,0.0068635317714474,0.17
persistence,1,3,2014-2015,unusual,59217768,365599,0.0061738058077433,0.5600522658105447,0.5592219891192263,0.5596368195156134,0.3885386873936963,0.3159148199408037,0.0054334030286315,0.5
climatology,1,3,2014-2015,unusual,59217768,365599,0.0061738058077433,0.1188677237416196,0.0427736399716629,0.0629097045802432,0.0324763924164986,0.02489465535583,0.0061165758207365,0.17
persistence,1,3,2014-2015,recurring,383832,61238,0.1595437587277767,0.6365552302197626,0.6461184232012802,0.6413011766994068,0.4719965644347421,0.467749658537101,0.1153160757831551,0.5
climatology,1,3,2014-2015,recurring,383832,61238,0.1595437587277767,0.4252079913973626,0.4907410431431464,0.4556301833012417,0.2950266046219394,0.3838172608756879,0.1221042209151834,0.17
persistence,1,4,2016-2017,all,59601600,218779,0.0036706900485892,0.3826018086386884,0.3908281873488772,0.3866712491690446,0.239672942647236,0.1517676522572401,0.0045510858768892,0.5
climatology,1,4,2016-2017,all,59601600,218779,0.0036706900485892,0.1113429963728991,0.147047934216721,0.12672857804083,0.0676509429201083,0.0597532104659214,0.0036637819857813,0.145
persistence,1,4,2016-2017,unusual,59217768,165170,0.0027891966478709,0.3027130553303488,0.3119573772476842,0.3072657014049567,0.1815203376336055,0.0963526569764618,0.003923349491997,0.5
climatology,1,4,2016-2017,unusual,59217768,165170,0.0027891966478709,0.0275440303776213,0.0349579221408246,0.0308112636673621,0.0156466788067984,0.0051275883910758,0.0029709367216211,0.145
persistence,1,4,2016-2017,recurring,383832,53609,0.1396678755288772,0.6378756875481049,0.6338301404614897,0.635846479163158,0.4661106462365739,0.4554470030000357,0.1013985285228954,0.5
climatology,1,4,2016-2017,recurring,383832,53609,0.1396678755288772,0.3328415796640944,0.4923986644033651,0.3971952421435933,0.2478126173488546,0.3422234085118294,0.1105562508600096,0.145
persistence,1,5,2018-2019,all,59601600,166719,0.002797223564468,0.4651148949846152,0.4687528116171522,0.4669267674806269,0.3045691214067469,0.2195099319029567,0.0029939129150895,0.5
climatology,1,5,2018-2019,all,59601600,166719,0.002797223564468,0.1461840373882662,0.1545954570264937,0.150272132839306,0.0812401302414131,0.0744488369280151,0.0028244747465666,0.135
persistence,1,5,2018-2019,unusual,59217768,121706,0.0020552277485365,0.408082703725874,0.4145070908582978,0.4112698102132655,0.2588669950738916,0.1703564956244401,0.0024389977008251,0.5
climatology,1,5,2018-2019,unusual,59217768,121706,0.0020552277485365,0.030689181229138,0.0256848470905296,0.0279648962722417,0.0141807294501905,0.0070038259972011,0.0022509403659425,0.135
persistence,1,5,2018-2019,recurring,383832,45013,0.1172726609558348,0.6239048670074998,0.6154222113611624,0.6196345091372716,0.4488916256157635,0.4290653735509345,0.088606473665562,0.5
climatology,1,5,2018-2019,recurring,383832,45013,0.1172726609558348,0.3041959920485682,0.5031435363117321,0.3791570752940191,0.2339258601278701,0.3419737037357898,0.0913096085859026,0.135
persistence,1,6,2020-2021,all,59601600,935811,0.0157011053394539,0.6837384297795831,0.6583188271990819,0.6707878950213709,0.5046507570228275,0.4554826532900923,0.0101458182330675,0.5
climatology,1,6,2020-2021,all,59601600,935811,0.0157011053394539,0.356007797731569,0.0386392124050689,0.0697122266789669,0.0361149397734763,0.0658010426331905,0.015098196428058,0.18
persistence,1,6,2020-2021,unusual,59217768,850848,0.0143681200547781,0.6806359940564053,0.6524937474143443,0.6662678306118872,0.4995514436137178,0.449103741943888,0.0093919446609335,0.5
climatology,1,6,2020-2021,unusual,59217768,850848,0.0143681200547781,0.1169683869224533,0.0050878652826356,0.0097515593709804,0.004899669393987,0.0322403386355211,0.0141339866075241,0.18
persistence,1,6,2020-2021,recurring,383832,84963,0.2213546551616332,0.7133869153622645,0.716653131363064,0.7150162933388133,0.55643996856323,0.5739711151660615,0.1264537610204464,0.5
climatology,1,6,2020-2021,recurring,383832,84963,0.2213546551616332,0.4930450137860528,0.3746336640655344,0.4257595922980718,0.2704539854364395,0.4553515505166032,0.1638569071548982,0.18
persistence,1,7,2022-2023,all,59601600,2910067,0.0488253167700196,0.7876574288147968,0.7829665090185208,0.785304963825241,0.646503805842719,0.6273061162884994,0.0209026771093393,0.5
climatology,1,7,2022-2023,all,59601600,2910067,0.0488253167700196,0.1127066465638055,0.0233245488849569,0.0386504239526031,0.0197060352854045,0.0558190465343326,0.0484838740082556,0.055
persistence,1,7,2022-2023,unusual,59217768,2835830,0.0478881608641514,0.7905397253468649,0.785597162030164,0.7880606940658975,0.6502476569637285,0.6313131222990325,0.0202353118070914,0.5
climatology,1,7,2022-2023,unusual,59217768,2835830,0.0478881608641514,0.0388494111193019,0.0063928373703642,0.0109790284749815,0.0055198153424011,0.0478646876379224,0.0478608876600212,0.055
persistence,1,7,2022-2023,recurring,383832,74237,0.1934101377686071,0.6788279114636369,0.6824763931732155,0.6806472631034507,0.5158948354512871,0.5246963091421631,0.1238640863711207,0.5
climatology,1,7,2022-2023,recurring,383832,74237,0.1934101377686071,0.3668982505826474,0.6701105917534383,0.4741760991302275,0.3107672509651545,0.4179519219911088,0.1445984789315456,0.055
persistence,1,8,2024-2025,all,59601600,2645133,0.0443802347587984,0.7923677272608315,0.7897939347473265,0.7910787375366218,0.6543674613884013,0.6351362196037655,0.0185138318434404,0.5
climatology,1,8,2024-2025,all,59601600,2645133,0.0443802347587984,0.0638376753845755,0.0856667698750875,0.0731585932048064,0.0379681446261252,0.0511090175355304,0.0440710000099122,0.005
persistence,1,8,2024-2025,unusual,59217768,2585140,0.0436548030651881,0.7943198651002897,0.7915532621057273,0.7929341503922673,0.6569104333868379,0.637846181667871,0.018047353625351,0.5
climatology,1,8,2024-2025,unusual,59217768,2585140,0.0436548030651881,0.0524738142993779,0.0677843366316717,0.0591544550665214,0.0304787030688466,0.0441673435912733,0.0435839198199135,0.005
persistence,1,8,2024-2025,recurring,383832,59993,0.1563001521498989,0.709113483983114,0.7139832980514393,0.7115400588049636,0.5522407302356763,0.5509996380189826,0.0904822943371058,0.5
climatology,1,8,2024-2025,recurring,383832,59993,0.1563001521498989,0.2443651586508729,0.8562332272098412,0.380217836219435,0.2347339319578678,0.3609489695481627,0.1192179436955652,0.005
persistence,3,1,2010-2011,all,59601600,173920,0.0029180424686585,0.146611966762855,0.1454806807727691,0.1460441330108687,0.0787743309381187,0.023822732397889,0.004964531153526,0.5
climatology,3,1,2010-2011,all,59601600,173920,0.0029180424686585,0.0496793209292675,0.1872355105795768,0.0785238556843227,0.040866422368355,0.0295245941797475,0.0030382647754802,0.13
persistence,3,1,2010-2011,unusual,59217768,144266,0.0024361944881137,0.0756867534144663,0.0747508075360791,0.0752158689860086,0.0390775608412691,0.0079117329203277,0.0044780478723885,0.5
climatology,3,1,2010-2011,unusual,59217768,144266,0.0024361944881137,0.0238656309194863,0.095192214381767,0.0381633356305995,0.0194528608439819,0.0046440279669137,0.0026277914906021,0.13
persistence,3,1,2010-2011,recurring,383832,29654,0.077257758602722,0.4823896863370547,0.4895798205975585,0.4859581589958158,0.3209674566678457,0.2756021751012396,0.0800193834802726,0.5
climatology,3,1,2010-2011,recurring,383832,29654,0.077257758602722,0.2352287206135858,0.6350239428070412,0.3432931053341598,0.2072141465937476,0.2379590783685337,0.0663662618005147,0.13
persistence,3,2,2012-2013,all,59601600,188131,0.0031564756650828,0.3130821253847767,0.2935614013639432,0.3030076920544698,0.178555725111864,0.0941386837154267,0.0042629056938068,0.5
climatology,3,2,2012-2013,all,59601600,188131,0.0031564756650828,0.2087482763903784,0.1882996422705455,0.1979973898438657,0.1098763057988635,0.0737022472365924,0.0030907911097743,0.205
persistence,3,2,2012-2013,unusual,59217768,152182,0.002569870583437,0.2721219408784136,0.2572643282385564,0.2644846396784381,0.1523954473266278,0.0719160028731863,0.0036771564912747,0.5
climatology,3,2,2012-2013,unusual,59217768,152182,0.002569870583437,0.1535773335337441,0.107424005467138,0.1264199822139736,0.0674750910096499,0.033022913305205,0.0026180329051893,0.205
persistence,3,2,2012-2013,recurring,383832,35949,0.093658162946289,0.4942511067388096,0.4472168905950096,0.4695591220409773,0.3068129770992366,0.2728100936634815,0.0946325475728964,0.5
climatology,3,2,2012-2013,recurring,383832,35949,0.093658162946289,0.3015935751098745,0.5306684469665359,0.3846053042750723,0.2380875121683348,0.2860342406234448,0.0760281326529872,0.205
persistence,3,3,2014-2015,all,59601600,426837,0.0071615023757751,0.3701806949089558,0.3734095216675218,0.3717880981622282,0.2283413465671077,0.1427163254157201,0.0090371231644788,0.5
climatology,3,3,2014-2015,all,59601600,426837,0.0071615023757751,0.2204176666889779,0.1080107863188992,0.1449782153745524,0.0781544543444946,0.0632432755931378,0.0068672732012563,0.17
persistence,3,3,2014-2015,unusual,59217768,365599,0.0061738058077433,0.3435825382302967,0.3451322350444066,0.3443556431287841,0.2079888967093974,0.1226244357522393,0.0081138991932286,0.5
climatology,3,3,2014-2015,unusual,59217768,365599,0.0061738058077433,0.1164347288828738,0.0432988055218969,0.0631236853385969,0.0325904575634361,0.0234517468155504,0.0061197043744869,0.17
persistence,3,3,2014-2015,recurring,383832,61238,0.1595437587277767,0.5244661359615871,0.5422286815376074,0.5331995182657567,0.3635119601510756,0.3574151381988351,0.1514725192271618,0.5
climatology,3,3,2014-2015,recurring,383832,61238,0.1595437587277767,0.4135316777313335,0.4943499134524315,0.4503436374996281,0.2906087106776358,0.3779094123620677,0.1222025171300254,0.17
persistence,3,4,2016-2017,all,59601600,218779,0.0036706900485892,0.2128313279758469,0.2191069526782735,0.2159235510991894,0.1210281942975158,0.0494992400450744,0.0058410680250194,0.5
climatology,3,4,2016-2017,all,59601600,218779,0.0036706900485892,0.10948203786612,0.1484374642904483,0.1260178927945704,0.067246049100487,0.0590908162436226,0.0036662972885834,0.145
persistence,3,4,2016-2017,unusual,59217768,165170,0.0027891966478709,0.1158706274001731,0.120748319912817,0.1182591989753715,0.0628456368225518,0.016443589424549,0.0050222257617004,0.5
climatology,3,4,2016-2017,unusual,59217768,165170,0.0027891966478709,0.0270226175159888,0.0350971726100381,0.0305351151190168,0.0155042698925105,0.0049693902414481,0.0029731133711333,0.145
persistence,3,4,2016-2017,recurring,383832,53609,0.1396678755288772,0.5270868247123731,0.522151131339887,0.524607369091795,0.3555713632437376,0.3419591181475497,0.1321724087621668,0.5
climatology,3,4,2016-2017,recurring,383832,53609,0.1396678755288772,0.3249451887941534,0.4976403215877931,0.3931647864179973,0.2446827049187845,0.3386406718043655,0.1106110137397718,0.145
persistence,3,5,2018-2019,all,59601600,166719,0.002797223564468,0.2901700146864809,0.2796801804233471,0.2848285488270095,0.1660641847975126,0.0831696976342334,0.0039286697001422,0.5
climatology,3,5,2018-2019,all,59601600,166719,0.002797223564468,0.1462387947782814,0.1544095154121605,0.1502131272373983,0.0812056402006245,0.0737721534956156,0.0028263246231788,0.135
persistence,3,5,2018-2019,unusual,59217768,121706,0.0020552277485365,0.2067394100460821,0.1994232001709036,0.203015411639238,0.1129755997654002,0.0428740024066777,0.0032180037586016,0.5
climatology,3,5,2018-2019,unusual,59217768,121706,0.0020552277485365,0.0306882257018801,0.0256684140469656,0.027954756961844,0.0141755150195117,0.006731011598372,0.0022523970164937,0.135
persistence,3,5,2018-2019,recurring,383832,45013,0.1172726609558348,0.5164114290993925,0.4966787372536823,0.5063529092020926,0.3390043821741042,0.3155164003063673,0.1135705204360241,0.5
climatology,3,5,2018-2019,recurring,383832,45013,0.1172726609558348,0.3046904466835498,0.5024992779863595,0.3793574788887118,0.2340784435475525,0.3393786443150962,0.0913721255503479,0.135
persistence,3,6,2020-2021,all,59601600,935811,0.0157011053394539,0.4980045606600308,0.4417718962482809,0.4682058536066058,0.3056584689979364,0.2287692173635232,0.015756691095541,0.5
climatology,3,6,2020-2021,all,59601600,935811,0.0157011053394539,0.356199747753429,0.0386295950784934,0.0697002503617568,0.0361085113204927,0.0654926205758377,0.0150987571073192,0.18
persistence,3,6,2020-2021,unusual,59217768,850848,0.0143681200547781,0.4848068483124529,0.4250618206777238,0.4529728050740148,0.2928020958905551,0.2143336624052983,0.0147509105713001,0.5
climatology,3,6,2020-2021,unusual,59217768,850848,0.0143681200547781,0.1170506164828033,0.0050878652826356,0.0097518449436379,0.0048998135829759,0.0320823030292891,0.0141346770144696,0.18
persistence,3,6,2020-2021,recurring,383832,84963,0.2213546551616332,0.6150043375441182,0.6091122017819521,0.6120440891243673,0.4409679618268575,0.4611314799283947,0.1709289480814523,0.5
climatology,3,6,2020-2021,recurring,383832,84963,0.2213546551616332,0.49331824382984,0.3745277356025564,0.4257929844045842,0.270480934328409,0.4531339300630111,0.1638374533905536,0.18
persistence,3,7,2022-2023,all,59601600,2910067,0.0488253167700196,0.7363711074384317,0.7254262530725237,0.7308577067798349,0.5758674269103796,0.5475890835103915,0.0260865983463531,0.5
climatology,3,7,2022-2023,all,59601600,2910067,0.0488253167700196,0.1126645884706648,0.0232991199171702,0.0386130356154881,0.0196865974520254,0.0557979143606732,0.0484844538168509,0.055
persistence,3,7,2022-2023,unusual,59217768,2835830,0.0478881608641514,0.7398975608060232,0.7279773470200964,0.7338890535023898,0.5796403984441618,0.5516553279468042,0.0252818208210751,0.5
climatology,3,7,2022-2023,unusual,59217768,2835830,0.0478881608641514,0.0388312880015779,0.0063868426527683,0.0109694639243814,0.0055149801500907,0.0478617577797397,0.0478615415714931,0.055
persistence,3,7,2022-2023,recurring,383832,74237,0.1934101377686071,0.6080395455909013,0.6279752683971604,0.6178466350359159,0.4470174227387356,0.453787151431168,0.1502480251776819,0.5
climatology,3,7,2022-2023,recurring,383832,74237,0.1934101377686071,0.3670517669306228,0.6693427805541711,0.4741118155839571,0.3107120301645166,0.4165506419446272,0.1445876261160872,0.055
persistence,3,8,2024-2025,all,59601600,2645133,0.0443802347587984,0.7339457782780204,0.735124472001975,0.7345346522834769,0.5804462789984036,0.5512967408491214,0.0235817494832353,0.5
climatology,3,8,2024-2025,all,59601600,2645133,0.0443802347587984,0.0639091248490918,0.0852955220021072,0.0730696031221808,0.037920208867209,0.0510855659989023,0.0440718478716569,0.005
persistence,3,8,2024-2025,unusual,59217768,2585140,0.0436548030651881,0.7364335692981419,0.7371554345219214,0.7367943251004191,0.5832734444919202,0.5543404355152017,0.0229916466963091,0.5
climatology,3,8,2024-2025,unusual,59217768,2585140,0.0436548030651881,0.0525106554613754,0.0674829989865152,0.0590627317017019,0.030430005475388,0.0441637410147414,0.0435847740943006,0.005
persistence,3,8,2024-2025,recurring,383832,59993,0.1563001521498989,0.6296206265091481,0.6476088877035654,0.6384880854560394,0.4689551950560062,0.4628266980770162,0.1146230642572792,0.5
climatology,3,8,2024-2025,recurring,383832,59993,0.1563001521498989,0.2459217318580753,0.8528494991082293,0.3817614075143539,0.2359116939165076,0.360200922470777,0.1192178022120306,0.005
persistence,6,1,2010-2011,all,59601600,173920,0.0029180424686585,0.0674731384777218,0.0671228150873965,0.067297520875548,0.0348204245622093,0.007251162241024,0.0054291998872513,0.5
climatology,6,1,2010-2011,all,59601600,173920,0.0029180424686585,0.0470924198184223,0.189920653173873,0.075471137676391,0.0392153836473357,0.0287780133426444,0.0030392585998797,0.13
persistence,6,1,2010-2011,unusual,59217768,144266,0.0024361944881137,0.0199598572702943,0.0198522174316886,0.0199058918381673,0.0100530029134051,0.0027840780518652,0.0047625233021278,0.5
climatology,6,1,2010-2011,unusual,59217768,144266,0.0024361944881137,0.0226819265989458,0.0967656966991529,0.0367497045018388,0.0187188075744126,0.0045429569131876,0.0026282475115753,0.13
persistence,6,1,2010-2011,recurring,383832,29654,0.077257758602722,0.2983507738155711,0.2970931408916166,0.2977206292347465,0.1748952812022313,0.1429429769215053,0.1082843535713541,0.5
climatology,6,1,2010-2011,recurring,383832,29654,0.077257758602722,0.2219106353269723,0.6431172860322385,0.3299652231084658,0.1975798514343731,0.2315812835769218,0.0664502281715621,0.13
persistence,6,2,2012-2013,all,59601600,188131,0.0031564756650828,0.1121469319604842,0.102821969797641,0.1072822008823717,0.056681561790345,0.0143630890705196,0.0054013818420981,0.5
climatology,6,2,2012-2013,all,59601600,188131,0.0031564756650828,0.2047481832688532,0.1896019263173002,0.1968841849618457,0.1091910920639779,0.072021645896411,0.0030935855618909,0.115
persistence,6,2,2012-2013,unusual,59217768,152182,0.002569870583437,0.0686445731811211,0.0635357663849864,0.0659914413830288,0.0341215870472775,0.0067679774516409,0.0046219236091437,0.5
climatology,6,2,2012-2013,unusual,59217768,152182,0.002569870583437,0.1510803324099723,0.1075160005782549,0.1256286422862232,0.0670244142225135,0.0320141089103352,0.0026204166532307,0.115
persistence,6,2,2012-2013,recurring,383832,35949,0.093658162946289,0.3058611532625189,0.2691312692981724,0.2863230789719004,0.1670811314889648,0.1507686230789637,0.1256565372350403,0.5
climatology,6,2,2012-2013,recurring,383832,35949,0.093658162946289,0.292927147495221,0.5370942168071434,0.3790974151556502,0.2338804433408031,0.280585112025295,0.0760942907085388,0.115
persistence,6,3,2014-2015,all,59601600,426837,0.0071615023757751,0.1939428544793511,0.1949620112595674,0.1944510974779096,0.1076963892843276,0.0435767704476697,0.0115681961558078,0.5
climatology,6,3,2014-2015,all,59601600,426837,0.0071615023757751,0.2167571392657287,0.1090791098241249,0.1451261231073741,0.0782404264329262,0.0619240695740549,0.0068694968354424,0.17
persistence,6,3,2014-2015,unusual,59217768,365599,0.0061738058077433,0.1678779427446476,0.1679380961107661,0.1679080140401925,0.0916482443714352,0.0333300906981617,0.0102761894031534,0.5
climatology,6,3,2014-2015,unusual,59217768,365599,0.0061738058077433,0.1148698508240128,0.0434300969094554,0.0630298218627499,0.0325404193488227,0.0226855441089141,0.0061215155329888,0.17
persistence,6,3,2014-2015,recurring,383832,61238,0.1595437587277767,0.3444198895027624,0.3562983768248473,0.3502584518573217,0.2123111054890093,0.2254148240365623,0.2108995602242648,0.5
climatology,6,3,2014-2015,recurring,383832,61238,0.1595437587277767,0.4006817113305124,0.5010124432541886,0.4452652202307525,0.2863930401665282,0.3714322762455199,0.1222683776922654,0.17
persistence,6,4,2016-2017,all,59601600,218779,0.0036706900485892,0.1335431143743717,0.1396660557000443,0.1365359738510106,0.073269981032676,0.0218094592983738,0.0064843393465947,0.5
climatology,6,4,2016-2017,all,59601600,218779,0.0036706900485892,0.1084516886233862,0.1503617806096563,0.1260134494534603,0.0672435185923341,0.0585166241818852,0.0036680084757479,0.08
persistence,6,4,2016-2017,unusual,59217768,165170,0.0027891966478709,0.0634418932516244,0.0675667494096991,0.0654393850105107,0.0338264846826039,0.0068873022003192,0.0053828269920608,0.5
climatology,6,4,2016-2017,unusual,59217768,165170,0.0027891966478709,0.0270963404976333,0.0356299570139855,0.0307826696446785,0.0156319311079413,0.0049205887994602,0.0029742590343077,0.08
persistence,6,4,2016-2017,recurring,383832,53609,0.1396678755288772,0.3666471333245118,0.3618049208155347,0.3642099333395925,0.222650779438437,0.2217900879223956,0.1764261447716709,0.5
climatology,6,4,2016-2017,recurring,383832,53609,0.1396678755288772,0.313585492709204,0.5038519651551046,0.3865755483201545,0.2395994110028917,0.3334233666812517,0.1106999742142315,0.08
persistence,6,5,2018-2019,all,59601600,166719,0.002797223564468,0.1584145776081595,0.1414175948752092,0.1494343210267786,0.0807506173516044,0.0248042554941708,0.0045031677001959,0.5
climatology,6,5,2018-2019,all,59601600,166719,0.002797223564468,0.1464420841500661,0.1541515963987308,0.1501979749572637,0.0811967837227303,0.073119440864661,0.0028274585272797,0.135
persistence,6,5,2018-2019,unusual,59217768,121706,0.0020552277485365,0.0802071563088512,0.0699883325390695,0.0747501162760085,0.0388261892172771,0.0075249509131854,0.0035609244846918,0.5
climatology,6,5,2018-2019,unusual,59217768,121706,0.0020552277485365,0.0307140047206923,0.0256601975251836,0.0279605704923316,0.0141785047874586,0.0065535839697633,0.0022529573497885,0.135
persistence,6,5,2018-2019,recurring,383832,45013,0.1172726609558348,0.3532405995636978,0.3345477973030014,0.3436401807311396,0.2074671075291038,0.1962152150512252,0.1498728610433731,0.5
climatology,6,5,2018-2019,recurring,383832,45013,0.1172726609558348,0.3058550991654926,0.5015662142047853,0.3799914162367772,0.2345613597639529,0.3348193642781081,0.0914617502080169,0.135
persistence,6,6,2020-2021,all,59601600,935811,0.0157011053394539,0.2697120474274825,0.2177961148137818,0.2409897540099238,0.1370030416589645,0.0710237016464151,0.02154068011597,0.5
climatology,6,6,2020-2021,all,59601600,935811,0.0157011053394539,0.3566936297292487,0.0385451763229968,0.0695722112336622,0.0360397895422564,0.0651029712982625,0.0151001933530829,0.18
persistence,6,6,2020-2021,unusual,59217768,850848,0.0143681200547781,0.246040815358598,0.1951030031215916,0.2176310761072272,0.122102149106096,0.0595681586498268,0.0201550825083444,0.5
climatology,6,6,2020-2021,unusual,59217768,850848,0.0143681200547781,0.1173679644290207,0.0050878652826356,0.0097529434559078,0.004900368235109,0.0319393492756573,0.014135302269096,0.18
persistence,6,6,2020-2021,recurring,383832,84963,0.2213546551616332,0.4669251571317437,0.4450525522874663,0.4557265616525857,0.295107427438677,0.3306464338299452,0.2353112820192167,0.5
climatology,6,6,2020-2021,recurring,383832,84963,0.2213546551616332,0.4941004327387067,0.3735979190941939,0.4254817197815086,0.2702297744821774,0.4492598788650588,0.163964009701911,0.18
persistence,6,7,2022-2023,all,59601600,2910067,0.0488253167700196,0.6331089231381843,0.6162899342180094,0.6245862228805121,0.4541078715879779,0.4089134221033171,0.0361724517462618,0.5
climatology,6,7,2022-2023,all,59601600,2910067,0.0488253167700196,0.1125098190629618,0.023231080246606,0.0385104953404203,0.0196332915618143,0.055756008941399,0.0484854313910414,0.055
persistence,6,7,2022-2023,unusual,59217768,2835830,0.0478881608641514,0.6372772034375624,0.6184274092593702,0.6277108261241495,0.4574187700914835,0.4123824995086867,0.0351291524530272,0.5
climatology,6,7,2022-2023,unusual,59217768,2835830,0.0478881608641514,0.0387987263770404,0.0063766163698106,0.0109530809818098,0.0055066981462742,0.047862121724873,0.0478619130349634,0.055
persistence,6,7,2022-2023,recurring,383832,74237,0.1934101377686071,0.491158163075895,0.5346390613844848,0.5119770906698656,0.3440653282013939,0.3525978625479793,0.1971331207403238,0.5
climatology,6,7,2022-2023,recurring,383832,74237,0.1934101377686071,0.3673664688427299,0.6670662877002034,0.4738012887670603,0.310445347175205,0.4132155278428241,0.1446821147159858,0.055
persistence,6,8,2024-2025,all,59601600,2645133,0.0443802347587984,0.6488504384925338,0.6478596728406474,0.6483546771638827,0.4796781124529468,0.4359921031916556,0.031188374137607,0.5
climatology,6,8,2024-2025,all,59601600,2645133,0.0443802347587984,0.0638863675447777,0.0848290048175271,0.0728830771714347,0.0378197484065778,0.051045989617937,0.0440732239124289,0.005
persistence,6,8,2024-2025,unusual,59217768,2585140,0.0436548030651881,0.6527333283967867,0.6512842631346851,0.6520079906423436,0.4836883201948933,0.4403380616269389,0.0303493201567475,0.5
climatology,6,8,2024-2025,unusual,59217768,2585140,0.0436548030651881,0.0524523605846075,0.067076057776368,0.0588696415015678,0.0303275054371446,0.0441646376734891,0.0435857056773353,0.005
persistence,6,8,2024-2025,recurring,383832,59993,0.1563001521498989,0.4865057624041625,0.5002917006984148,0.493302434133754,0.3274064054455013,0.3214992784841624,0.1606379874528439,0.5
climatology,6,8,2024-2025,recurring,383832,59993,0.1563001521498989,0.2470585384764489,0.8498158118447152,0.3828227953129868,0.2367228490504712,0.3576420109425718,0.1192877493859498,0.005
persistence,9,1,2010-2011,all,59601600,173920,0.0029180424686585,0.0428006310758451,0.042427552897884,0.0426132754299442,0.021770493737922,0.0046101631064945,0.0055630385761456,0.5
climatology,9,1,2010-2011,all,59601600,173920,0.0029180424686585,0.0482008735166698,0.1883337166513339,0.0767570582280379,0.0399102248399874,0.0293361231155777,0.0030363535658122,0.005
persistence,9,1,2010-2011,unusual,59217768,144266,0.0024361944881137,0.0115077138849929,0.0113748215102657,0.0114408818054422,0.0057533526163555,0.0025393814020801,0.0047888329732387,0.5
climatology,9,1,2010-2011,unusual,59217768,144266,0.0024361944881137,0.0232492441389237,0.0958368569170837,0.0374205631759573,0.0190670311090762,0.0045674837449939,0.0026241995338976,0.005
persistence,9,1,2010-2011,recurring,383832,29654,0.077257758602722,0.1925244933565964,0.1934983476090915,0.1930101920683508,0.1068131049888309,0.0995616813118921,0.1250078159194647,0.5
climatology,9,1,2010-2011,recurring,383832,29654,0.077257758602722,0.2230457427002568,0.6383287246239968,0.3305798113866573,0.1980207341695347,0.2326816484597555,0.0666236569750836,0.005
persistence,9,2,2012-2013,all,59601600,188131,0.0031564756650828,0.0449405829398655,0.0406259468136564,0.0426744835287548,0.0218024458219348,0.0048539945848842,0.0057534361493651,0.5
climatology,9,2,2012-2013,all,59601600,188131,0.0031564756650828,0.2066763933469506,0.1882411723745687,0.1970284938564207,0.1092798711377585,0.0726304332463584,0.0030959488168571,0.13
persistence,9,2,2012-2013,unusual,59217768,152182,0.002569870583437,0.0148319997701578,0.0135692788897504,0.0141725690440893,0.00713685833077,0.0027362588341538,0.0048512128994797,0.5
climatology,9,2,2012-2013,unusual,59217768,152182,0.002569870583437,0.1531765854757835,0.1071940176893456,0.1261249420132983,0.0673070178695944,0.0323313177407642,0.0026213785393758,0.13
persistence,9,2,2012-2013,recurring,383832,35949,0.093658162946289,0.1808514087475278,0.1551642604801246,0.167025991136663,0.0911229457313686,0.1071874384498999,0.1449488317805706,0.5
climatology,9,2,2012-2013,recurring,383832,35949,0.093658162946289,0.2945321655461667,0.5313360594175082,0.3789843354728624,0.2337943696450428,0.2816091194025093,0.0763128577550991,0.13
persistence,9,3,2014-2015,all,59601600,426837,0.0071615023757751,0.1135496094584428,0.1145730103060418,0.1140590142981921,0.0604785702007254,0.0193507080649979,0.0127465202276448,0.5
climatology,9,3,2014-2015,all,59601600,426837,0.0071615023757751,0.217102621331117,0.108931512497745,0.1450726439657848,0.0782093398395645,0.0624673132831363,0.0068726423219785,0.105
persistence,9,3,2014-2015,unusual,59217768,365599,0.0061738058077433,0.0938251367608176,0.0942480696063173,0.0940361276448257,0.0493378332132951,0.014434774548495,0.0112117025417101,0.5
climatology,9,3,2014-2015,unusual,59217768,365599,0.0061738058077433,0.1151285732933037,0.0434246264349738,0.0630629378129363,0.0325580727655289,0.0227373332837248,0.0061237389225723,0.105
persistence,9,3,2014-2015,recurring,383832,61238,0.1595437587277767,0.2277377555685168,0.2359156079558444,0.2317545618608381,0.1310647022535109,0.1756317869513988,0.2495388607515788,0.5
climatology,9,3,2014-2015,recurring,383832,61238,0.1595437587277767,0.4014789951224629,0.5000163297299063,0.4453623841868718,0.2864734389910746,0.3730873424931124,0.1224137846979423,0.105
persistence,9,4,2016-2017,all,59601600,218779,0.0036706900485892,0.0998863269449371,0.1032228870229775,0.1015272014494252,0.053478354563172,0.0136023458657848,0.0067061958068239,0.5
climatology,9,4,2016-2017,all,59601600,218779,0.0036706900485892,0.108617332679903,0.1499321232842274,0.1259737890643752,0.0672209323056808,0.059321860784723,0.0036700847936587,0.085
persistence,9,4,2016-2017,unusual,59217768,165170,0.0027891966478709,0.0496211902145624,0.0519464793848761,0.0507572172266919,0.0260394537177541,0.0052219538362357,0.0054193194177801,0.5
climatology,9,4,2016-2017,unusual,59217768,165170,0.0027891966478709,0.0271601177784546,0.0356299570139855,0.0308237832854958,0.0156531360798802,0.0049368719329466,0.0029758489073301,0.085
persistence,9,4,2016-2017,recurring,383832,53609,0.1396678755288772,0.2633281305827707,0.261206140759947,0.2622628434438971,0.1509220439089057,0.1719686935168954,0.2052460451447508,0.5
climatology,9,4,2016-2017,recurring,383832,53609,0.1396678755288772,0.3154902834103003,0.5020985282321998,0.3874984704197168,0.2403089009909829,0.3352072158499376,0.1107770994612279,0.085
persistence,9,5,2018-2019,all,59601600,166719,0.002797223564468,0.0877609364043368,0.0780714855535361,0.0826331376912113,0.0430971971590815,0.0094304668440206,0.0048488463396955,0.5
climatology,9,5,2018-2019,all,59601600,166719,0.002797223564468,0.1465440369489665,0.1537737150534732,0.1500718544296573,0.0811230721522912,0.0737340853820448,0.0028288925092319,0.145
persistence,9,5,2018-2019,unusual,59217768,121706,0.0020552277485365,0.0291215289275746,0.0252904540449936,0.0270711210592741,0.0137212858244584,0.0027397467946729,0.003736125279156,0.5
climatology,9,5,2018-2019,unusual,59217768,121706,0.0020552277485365,0.0307410543728706,0.0256519810034016,0.0279668912139888,0.0141817554124156,0.0065627124844771,0.0022533799524278,0.145
persistence,9,5,2018-2019,recurring,383832,45013,0.1172726609558348,0.2331933266067531,0.220780663363917,0.2268173000114116,0.127915358080626,0.1428657024158314,0.1765199358052481,0.5
climatology,9,5,2018-2019,recurring,383832,45013,0.1172726609558348,0.3068023873763388,0.5001888343367472,0.3803241581432275,0.2348149847732677,0.3355178087144277,0.0916192202305188,0.145
persistence,9,6,2020-2021,all,59601600,935811,0.0157011053394539,0.1370820508661011,0.102941726481095,0.1175838755784049,0.0624643372169023,0.0281962694338747,0.0242592480738772,0.5
climatology,9,6,2020-2021,all,59601600,935811,0.0157011053394539,0.3563310881961415,0.0383293207709676,0.0692135733395853,0.0358473482016861,0.0658284074442535,0.0151026415355358,0.19
persistence,9,6,2020-2021,unusual,59217768,850848,0.0143681200547781,0.1141303305261946,0.0839092293805709,0.0967138897694114,0.0508141625421173,0.022739090256737,0.022520402997965,0.5
climatology,9,6,2020-2021,unusual,59217768,850848,0.0143681200547781,0.1175847457627118,0.0050878652826356,0.0097536905856269,0.0049007454702915,0.0322941163353159,0.0141359954771552,0.19
persistence,9,6,2020-2021,recurring,383832,84963,0.2213546551616332,0.3230611795489579,0.2935395407412638,0.3075936409269743,0.1817492821850723,0.2512095416206786,0.2925290231142791,0.5
climatology,9,6,2020-2021,recurring,383832,84963,0.2213546551616332,0.4940011903643141,0.3712204135917988,0.4238990921248042,0.2689542845935413,0.4495677364411748,0.1642372160975765,0.19
persistence,9,7,2022-2023,all,59601600,2910067,0.0488253167700196,0.5532695060120553,0.5309437892667076,0.5418767862134223,0.3716261980400344,0.3166568260797582,0.0438334205793133,0.5
climatology,9,7,2022-2023,all,59601600,2910067,0.0488253167700196,0.1123424684936987,0.0231582296902442,0.0384005798378152,0.0195761578246389,0.0559669869430788,0.0484859899701639,0.06
persistence,9,7,2022-2023,unusual,59217768,2835830,0.0478881608641514,0.5582453026731446,0.5332967773103465,0.5454859255059221,0.3750296645947946,0.320059979868207,0.0425589495369025,0.5
climatology,9,7,2022-2023,unusual,59217768,2835830,0.0478881608641514,0.0387592905079025,0.0063663900868528,0.0109364228798641,0.0054982771821192,0.0478461745466053,0.0478620883722767,0.06
persistence,9,7,2022-2023,recurring,383832,74237,0.1934101377686071,0.3919205218744389,0.4410603876773037,0.4150410059449113,0.2618622989627236,0.2809652047402957,0.2404593676400091,0.5
climatology,9,7,2022-2023,recurring,383832,74237,0.1934101377686071,0.3679688548798496,0.6646012096393982,0.4736773890043634,0.3103389713236172,0.4148855485329528,0.1447418000081896,0.06
persistence,9,8,2024-2025,all,59601600,2645133,0.0443802347587984,0.5847124576999704,0.5870551688705256,0.5858814713978703,0.4143086025306661,0.3615850591437146,0.0368309911143325,0.5
climatology,9,8,2024-2025,all,59601600,2645133,0.0443802347587984,0.0624623482777745,0.0809834514937434,0.070527217387969,0.0365525847389733,0.0510294784392993,0.0440885215478525,0.005
persistence,9,8,2024-2025,unusual,59217768,2585140,0.0436548030651881,0.5898951019160315,0.5918828380667972,0.590887298317375,0.4193328877184876,0.3669650614154807,0.0357796497834906,0.5
climatology,9,8,2024-2025,unusual,59217768,2585140,0.0436548030651881,0.0509379631012685,0.0635830167805225,0.0565623760113943,0.0291042919583437,0.044051165007216,0.0435977096136531,0.005
persistence,9,8,2024-2025,recurring,383832,59993,0.1563001521498989,0.3674692954104719,0.3790275532145417,0.3731589441467757,0.2293763996207154,0.2363390758343649,0.199032389170262,0.5
climatology,9,8,2024-2025,recurring,383832,59993,0.1563001521498989,0.2460409138479158,0.8307802576967313,0.3796469445661074,0.2342989037438183,0.356802737798413,0.1198112003527979,0.005
