start_date,end_date,county,phase3plus_population,source_folder
2022-02-01 00:00:00+00:00,2022-03-31 00:00:00+00:00,Abiemnhom,31339.0,raw_data/IPC
2022-10-01 00:00:00+00:00,2022-11-30 00:00:00+00:00,Abiemnhom,28544.0,raw_data/IPC
2023-09-01 00:00:00+00:00,2023-11-30 00:00:00+00:00,Abiemnhom,18344.0,raw_data/IPC
2024-09-01 00:00:00+00:00,2024-11-30 00:00:00+00:00,Abiemnhom,27000.0,raw_data/IPC
2025-09-22 00:00:00+00:00,2025-11-30 00:00:00+00:00,Abiemnhom,24481.0,raw_data/IPC
2022-02-01 00:00:00+00:00,2022-03-31 00:00:00+00:00,Abyei region,0.0,raw_data/IPC
2022-10-01 00:00:00+00:00,2022-11-30 00:00:00+00:00,Abyei region,0.0,raw_data/IPC
2023-09-01 00:00:00+00:00,2023-11-30 00:00:00+00:00,Abyei region,73677.0,raw_data/IPC
2024-09-01 00:00:00+00:00,2024-11-30 00:00:00+00:00,Abyei region,0.0,raw_data/IPC
2022-02-01 00:00:00+00:00,2022-03-31 00:00:00+00:00,Akobo,135928.0,raw_data/IPC
2022-10-01 00:00:00+00:00,2022-11-30 00:00:00+00:00,Akobo,192930.0,raw_data/IPC
2023-09-01 00:00:00+00:00,2023-11-30 00:00:00+00:00,Akobo,59046.0,raw_data/IPC
2024-09-01 00:00:00+00:00,2024-11-30 00:00:00+00:00,Akobo,140000.0,raw_data/IPC
2025-09-22 00:00:00+00:00,2025-11-30 00:00:00+00:00,Akobo,134611.0,raw_data/IPC
2023-09-01 00:00:00+00:00,2023-11-30 00:00:00+00:00,Akoka,13836.0,raw_data/IPC
2024-09-01 00:00:00+00:00,2024-11-30 00:00:00+00:00,Akoka,15000.0,raw_data/IPC
2025-09-22 00:00:00+00:00,2025-11-30 00:00:00+00:00,Akoka,15105.0,raw_data/IPC
2022-02-01 00:00:00+00:00,2022-03-31 00:00:00+00:00,Aweil centre,34187.0,raw_data/IPC
2022-10-01 00:00:00+00:00,2022-11-30 00:00:00+00:00,Aweil centre,49475.0,raw_data/IPC
2023-09-01 00:00:00+00:00,2023-11-30 00:00:00+00:00,Aweil centre,31247.0,raw_data/IPC
2024-09-01 00:00:00+00:00,2024-11-30 00:00:00+00:00,Aweil centre,28000.0,raw_data/IPC
2025-09-22 00:00:00+00:00,2025-11-30 00:00:00+00:00,Aweil centre,42662.0,raw_data/IPC
2022-02-01 00:00:00+00:00,2022-03-31 00:00:00+00:00,Aweil east,206931.0,raw_data/IPC
2022-10-01 00:00:00+00:00,2022-11-30 00:00:00+00:00,Aweil east,224600.0,raw_data/IPC
2023-09-01 00:00:00+00:00,2023-11-30 00:00:00+00:00,Aweil east,403520.0,raw_data/IPC
2024-09-01 00:00:00+00:00,2024-11-30 00:00:00+00:00,Aweil east,160000.0,raw_data/IPC
2025-09-22 00:00:00+00:00,2025-11-30 00:00:00+00:00,Aweil east,209246.0,raw_data/IPC
2022-02-01 00:00:00+00:00,2022-03-31 00:00:00+00:00,Aweil north,92670.0,raw_data/IPC
2022-10-01 00:00:00+00:00,2022-11-30 00:00:00+00:00,Aweil north,101287.0,raw_data/IPC
2023-09-01 00:00:00+00:00,2023-11-30 00:00:00+00:00,Aweil north,162959.0,raw_data/IPC
2024-09-01 00:00:00+00:00,2024-11-30 00:00:00+00:00,Aweil north,104000.0,raw_data/IPC
2025-09-22 00:00:00+00:00,2025-11-30 00:00:00+00:00,Aweil north,102990.0,raw_data/IPC
2022-02-01 00:00:00+00:00,2022-03-31 00:00:00+00:00,Aweil south,85168.0,raw_data/IPC
2022-10-01 00:00:00+00:00,2022-11-30 00:00:00+00:00,Aweil south,92440.0,raw_data/IPC
2023-09-01 00:00:00+00:00,2023-11-30 00:00:00+00:00,Aweil south,119905.0,raw_data/IPC
2024-09-01 00:00:00+00:00,2024-11-30 00:00:00+00:00,Aweil south,96000.0,raw_data/IPC
2025-09-22 00:00:00+00:00,2025-11-30 00:00:00+00:00,Aweil south,85566.0,raw_data/IPC
2022-02-01 00:00:00+00:00,2022-03-31 00:00:00+00:00,Aweil west,112120.0,raw_data/IPC
2022-10-01 00:00:00+00:00,2022-11-30 00:00:00+00:00,Aweil west,112334.0,raw_data/IPC
2023-09-01 00:00:00+00:00,2023-11-30 00:00:00+00:00,Aweil west,175667.0,raw_data/IPC
2024-09-01 00:00:00+00:00,2024-11-30 00:00:00+00:00,Aweil west,106000.0,raw_data/IPC
2025-09-22 00:00:00+00:00,2025-11-30 00:00:00+00:00,Aweil west,103036.0,raw_data/IPC
2022-02-01 00:00:00+00:00,2022-03-31 00:00:00+00:00,Awerial,69818.0,raw_data/IPC
2022-10-01 00:00:00+00:00,2022-11-30 00:00:00+00:00,Awerial,83941.0,raw_data/IPC
2023-09-01 00:00:00+00:00,2023-11-30 00:00:00+00:00,Awerial,72340.0,raw_data/IPC
2024-09-01 00:00:00+00:00,2024-11-30 00:00:00+00:00,Awerial,57000.0,raw_data/IPC
2025-09-22 00:00:00+00:00,2025-11-30 00:00:00+00:00,Awerial,59396.0,raw_data/IPC
2022-02-01 00:00:00+00:00,2022-03-31 00:00:00+00:00,Ayod,164924.0,raw_data/IPC
2022-10-01 00:00:00+00:00,2022-11-30 00:00:00+00:00,Ayod,136076.0,raw_data/IPC
2023-09-01 00:00:00+00:00,2023-11-30 00:00:00+00:00,Ayod,68447.0,raw_data/IPC
2024-09-01 00:00:00+00:00,2024-11-30 00:00:00+00:00,Ayod,110000.0,raw_data/IPC
2025-09-22 00:00:00+00:00,2025-11-30 00:00:00+00:00,Ayod,93244.0,raw_data/IPC
2022-02-01 00:00:00+00:00,2022-03-31 00:00:00+00:00,Baliet,34654.0,raw_data/IPC
2022-10-01 00:00:00+00:00,2022-11-30 00:00:00+00:00,Baliet,31826.0,raw_data/IPC
2023-09-01 00:00:00+00:00,2023-11-30 00:00:00+00:00,Baliet,17851.0,raw_data/IPC
2024-09-01 00:00:00+00:00,2024-11-30 00:00:00+00:00,Baliet,23000.0,raw_data/IPC
2025-09-22 00:00:00+00:00,2025-11-30 00:00:00+00:00,Baliet,20032.0,raw_data/IPC
2022-02-01 00:00:00+00:00,2022-03-31 00:00:00+00:00,Bor south,220750.0,raw_data/IPC
2022-10-01 00:00:00+00:00,2022-11-30 00:00:00+00:00,Bor south,170130.0,raw_data/IPC
2023-09-01 00:00:00+00:00,2023-11-30 00:00:00+00:00,Bor south,24132.0,raw_data/IPC
2024-09-01 00:00:00+00:00,2024-11-30 00:00:00+00:00,Bor south,53000.0,raw_data/IPC
2025-09-22 00:00:00+00:00,2025-11-30 00:00:00+00:00,Bor south,54543.0,raw_data/IPC
2022-02-01 00:00:00+00:00,2022-03-31 00:00:00+00:00,Budi,52393.0,raw_data/IPC
2022-10-01 00:00:00+00:00,2022-11-30 00:00:00+00:00,Budi,57741.0,raw_data/IPC
2023-09-01 00:00:00+00:00,2023-11-30 00:00:00+00:00,Budi,45663.0,raw_data/IPC
2024-09-01 00:00:00+00:00,2024-11-30 00:00:00+00:00,Budi,48000.0,raw_data/IPC
2025-09-22 00:00:00+00:00,2025-11-30 00:00:00+00:00,Budi,39440.0,raw_data/IPC
2022-02-01 00:00:00+00:00,2022-03-31 00:00:00+00:00,Canal/pigi,90461.0,raw_data/IPC
2022-10-01 00:00:00+00:00,2022-11-30 00:00:00+00:00,Canal/pigi,79968.0,raw_data/IPC
2023-09-01 00:00:00+00:00,2023-11-30 00:00:00+00:00,Canal/pigi,23776.0,raw_data/IPC
2024-09-01 00:00:00+00:00,2024-11-30 00:00:00+00:00,Canal/pigi,65000.0,raw_data/IPC
2025-09-22 00:00:00+00:00,2025-11-30 00:00:00+00:00,Canal/pigi,79190.0,raw_data/IPC
2022-02-01 00:00:00+00:00,2022-03-31 00:00:00+00:00,Cueibet,119161.0,raw_data/IPC
2022-10-01 00:00:00+00:00,2022-11-30 00:00:00+00:00,Cueibet,110204.0,raw_data/IPC
2023-09-01 00:00:00+00:00,2023-11-30 00:00:00+00:00,Cueibet,163265.0,raw_data/IPC
2024-09-01 00:00:00+00:00,2024-11-30 00:00:00+00:00,Cueibet,85000.0,raw_data/IPC
2025-09-22 00:00:00+00:00,2025-11-30 00:00:00+00:00,Cueibet,29239.0,raw_data/IPC
2022-02-01 00:00:00+00:00,2022-03-31 00:00:00+00:00,Duk,119422.0,raw_data/IPC
2022-10-01 00:00:00+00:00,2022-11-30 00:00:00+00:00,Duk,109678.0,raw_data/IPC
2023-09-01 00:00:00+00:00,2023-11-30 00:00:00+00:00,Duk,44949.0,raw_data/IPC
2024-09-01 00:00:00+00:00,2024-11-30 00:00:00+00:00,Duk,113000.0,raw_data/IPC
2025-09-22 00:00:00+00:00,2025-11-30 00:00:00+00:00,Duk,84741.0,raw_data/IPC
2022-02-01 00:00:00+00:00,2022-03-31 00:00:00+00:00,Ezo,39824.0,raw_data/IPC
2022-10-01 00:00:00+00:00,2022-11-30 00:00:00+00:00,Ezo,39898.0,raw_data/IPC
2023-09-01 00:00:00+00:00,2023-11-30 00:00:00+00:00,Ezo,2467.0,raw_data/IPC
2024-09-01 00:00:00+00:00,2024-11-30 00:00:00+00:00,Ezo,21000.0,raw_data/IPC
2025-09-22 00:00:00+00:00,2025-11-30 00:00:00+00:00,Ezo,14109.0,raw_data/IPC
2022-02-01 00:00:00+00:00,2022-03-31 00:00:00+00:00,Fangak,167090.0,raw_data/IPC
2022-10-01 00:00:00+00:00,2022-11-30 00:00:00+00:00,Fangak,157559.0,raw_data/IPC
2023-09-01 00:00:00+00:00,2023-11-30 00:00:00+00:00,Fangak,71277.0,raw_data/IPC
2024-09-01 00:00:00+00:00,2024-11-30 00:00:00+00:00,Fangak,112000.0,raw_data/IPC
2025-09-22 00:00:00+00:00,2025-11-30 00:00:00+00:00,Fangak,181955.0,raw_data/IPC
2022-02-01 00:00:00+00:00,2022-03-31 00:00:00+00:00,Fashoda,38320.0,raw_data/IPC
2022-10-01 00:00:00+00:00,2022-11-30 00:00:00+00:00,Fashoda,46071.0,raw_data/IPC
2023-09-01 00:00:00+00:00,2023-11-30 00:00:00+00:00,Fashoda,31431.0,raw_data/IPC
2024-09-01 00:00:00+00:00,2024-11-30 00:00:00+00:00,Fashoda,36000.0,raw_data/IPC
2025-09-22 00:00:00+00:00,2025-11-30 00:00:00+00:00,Fashoda,41561.0,raw_data/IPC
2022-02-01 00:00:00+00:00,2022-03-31 00:00:00+00:00,Gogrial East,71984.0,raw_data/IPC
2022-10-01 00:00:00+00:00,2022-11-30 00:00:00+00:00,Gogrial East,72120.0,raw_data/IPC
2023-09-01 00:00:00+00:00,2023-11-30 00:00:00+00:00,Gogrial East,95892.0,raw_data/IPC
2024-09-01 00:00:00+00:00,2024-11-30 00:00:00+00:00,Gogrial East,61000.0,raw_data/IPC
2025-09-22 00:00:00+00:00,2025-11-30 00:00:00+00:00,Gogrial East,42086.0,raw_data/IPC
2022-02-01 00:00:00+00:00,2022-03-31 00:00:00+00:00,Gogrial West,179258.0,raw_data/IPC
2022-10-01 00:00:00+00:00,2022-11-30 00:00:00+00:00,Gogrial West,179597.0,raw_data/IPC
2023-09-01 00:00:00+00:00,2023-11-30 00:00:00+00:00,Gogrial West,232952.0,raw_data/IPC
2024-09-01 00:00:00+00:00,2024-11-30 00:00:00+00:00,Gogrial West,135000.0,raw_data/IPC
2025-09-22 00:00:00+00:00,2025-11-30 00:00:00+00:00,Gogrial West,105668.0,raw_data/IPC
2022-02-01 00:00:00+00:00,2022-03-31 00:00:00+00:00,Guit,38435.0,raw_data/IPC
2022-10-01 00:00:00+00:00,2022-11-30 00:00:00+00:00,Guit,38508.0,raw_data/IPC
2023-09-01 00:00:00+00:00,2023-11-30 00:00:00+00:00,Guit,29749.0,raw_data/IPC
2024-09-01 00:00:00+00:00,2024-11-30 00:00:00+00:00,Guit,54000.0,raw_data/IPC
2025-09-22 00:00:00+00:00,2025-11-30 00:00:00+00:00,Guit,45716.0,raw_data/IPC
2022-02-01 00:00:00+00:00,2022-03-31 00:00:00+00:00,Ibba,13284.0,raw_data/IPC
2022-10-01 00:00:00+00:00,2022-11-30 00:00:00+00:00,Ibba,19963.0,raw_data/IPC
2023-09-01 00:00:00+00:00,2023-11-30 00:00:00+00:00,Ibba,5249.0,raw_data/IPC
2024-09-01 00:00:00+00:00,2024-11-30 00:00:00+00:00,Ibba,10000.0,raw_data/IPC
2025-09-22 00:00:00+00:00,2025-11-30 00:00:00+00:00,Ibba,7060.0,raw_data/IPC
2022-02-01 00:00:00+00:00,2022-03-31 00:00:00+00:00,Ikotos,58763.0,raw_data/IPC
2022-10-01 00:00:00+00:00,2022-11-30 00:00:00+00:00,Ikotos,53523.0,raw_data/IPC
2023-09-01 00:00:00+00:00,2023-11-30 00:00:00+00:00,Ikotos,24491.0,raw_data/IPC
2024-09-01 00:00:00+00:00,2024-11-30 00:00:00+00:00,Ikotos,39000.0,raw_data/IPC
2025-09-22 00:00:00+00:00,2025-11-30 00:00:00+00:00,Ikotos,17043.0,raw_data/IPC
2022-02-01 00:00:00+00:00,2022-03-31 00:00:00+00:00,Juba,261354.0,raw_data/IPC
2022-10-01 00:00:00+00:00,2022-11-30 00:00:00+00:00,Juba,235665.0,raw_data/IPC
2023-09-01 00:00:00+00:00,2023-11-30 00:00:00+00:00,Juba,345460.0,raw_data/IPC
2024-09-01 00:00:00+00:00,2024-11-30 00:00:00+00:00,Juba,270000.0,raw_data/IPC
2025-09-22 00:00:00+00:00,2025-11-30 00:00:00+00:00,Juba,325538.0,raw_data/IPC
2022-02-01 00:00:00+00:00,2022-03-31 00:00:00+00:00,Jur River,84967.0,raw_data/IPC
2022-10-01 00:00:00+00:00,2022-11-30 00:00:00+00:00,Jur River,127694.0,raw_data/IPC
2023-09-01 00:00:00+00:00,2023-11-30 00:00:00+00:00,Jur River,110576.0,raw_data/IPC
2024-09-01 00:00:00+00:00,2024-11-30 00:00:00+00:00,Jur River,73000.0,raw_data/IPC
2025-09-22 00:00:00+00:00,2025-11-30 00:00:00+00:00,Jur River,45233.0,raw_data/IPC
2022-02-01 00:00:00+00:00,2022-03-31 00:00:00+00:00,Kajo-keji,139595.0,raw_data/IPC
2022-10-01 00:00:00+00:00,2022-11-30 00:00:00+00:00,Kajo-keji,93238.0,raw_data/IPC
2023-09-01 00:00:00+00:00,2023-11-30 00:00:00+00:00,Kajo-keji,47835.0,raw_data/IPC
2024-09-01 00:00:00+00:00,2024-11-30 00:00:00+00:00,Kajo-keji,120000.0,raw_data/IPC
2025-09-22 00:00:00+00:00,2025-11-30 00:00:00+00:00,Kajo-keji,111543.0,raw_data/IPC
2022-02-01 00:00:00+00:00,2022-03-31 00:00:00+00:00,Kapoeta east,101793.0,raw_data/IPC
2022-10-01 00:00:00+00:00,2022-11-30 00:00:00+00:00,Kapoeta east,93487.0,raw_data/IPC
2023-09-01 00:00:00+00:00,2023-11-30 00:00:00+00:00,Kapoeta east,127645.0,raw_data/IPC
2024-09-01 00:00:00+00:00,2024-11-30 00:00:00+00:00,Kapoeta east,96000.0,raw_data/IPC
2025-09-22 00:00:00+00:00,2025-11-30 00:00:00+00:00,Kapoeta east,73444.0,raw_data/IPC
2022-02-01 00:00:00+00:00,2022-03-31 00:00:00+00:00,Kapoeta north,86425.0,raw_data/IPC
2022-10-01 00:00:00+00:00,2022-11-30 00:00:00+00:00,Kapoeta north,78717.0,raw_data/IPC
2023-09-01 00:00:00+00:00,2023-11-30 00:00:00+00:00,Kapoeta north,46429.0,raw_data/IPC
2024-09-01 00:00:00+00:00,2024-11-30 00:00:00+00:00,Kapoeta north,81000.0,raw_data/IPC
2025-09-22 00:00:00+00:00,2025-11-30 00:00:00+00:00,Kapoeta north,66813.0,raw_data/IPC
2022-02-01 00:00:00+00:00,2022-03-31 00:00:00+00:00,Kapoeta south,46005.0,raw_data/IPC
2022-10-01 00:00:00+00:00,2022-11-30 00:00:00+00:00,Kapoeta south,46091.0,raw_data/IPC
2023-09-01 00:00:00+00:00,2023-11-30 00:00:00+00:00,Kapoeta south,16956.0,raw_data/IPC
2024-09-01 00:00:00+00:00,2024-11-30 00:00:00+00:00,Kapoeta south,43000.0,raw_data/IPC
2025-09-22 00:00:00+00:00,2025-11-30 00:00:00+00:00,Kapoeta south,35332.0,raw_data/IPC
2022-02-01 00:00:00+00:00,2022-03-31 00:00:00+00:00,Koch,78930.0,raw_data/IPC
2022-10-01 00:00:00+00:00,2022-11-30 00:00:00+00:00,Koch,64252.0,raw_data/IPC
2023-09-01 00:00:00+00:00,2023-11-30 00:00:00+00:00,Koch,33287.0,raw_data/IPC
2024-09-01 00:00:00+00:00,2024-11-30 00:00:00+00:00,Koch,71000.0,raw_data/IPC
2025-09-22 00:00:00+00:00,2025-11-30 00:00:00+00:00,Koch,64286.0,raw_data/IPC
2022-02-01 00:00:00+00:00,2022-03-31 00:00:00+00:00,Lafon,70584.0,raw_data/IPC
2022-10-01 00:00:00+00:00,2022-11-30 00:00:00+00:00,Lafon,70717.0,raw_data/IPC
2023-09-01 00:00:00+00:00,2023-11-30 00:00:00+00:00,Lafon,46866.0,raw_data/IPC
2024-09-01 00:00:00+00:00,2024-11-30 00:00:00+00:00,Lafon,56000.0,raw_data/IPC
2025-09-22 00:00:00+00:00,2025-11-30 00:00:00+00:00,Lafon,75205.0,raw_data/IPC
2022-02-01 00:00:00+00:00,2022-03-31 00:00:00+00:00,Lainya,62541.0,raw_data/IPC
2022-10-01 00:00:00+00:00,2022-11-30 00:00:00+00:00,Lainya,39874.0,raw_data/IPC
2023-09-01 00:00:00+00:00,2023-11-30 00:00:00+00:00,Lainya,45184.0,raw_data/IPC
2024-09-01 00:00:00+00:00,2024-11-30 00:00:00+00:00,Lainya,59000.0,raw_data/IPC
2025-09-22 00:00:00+00:00,2025-11-30 00:00:00+00:00,Lainya,54470.0,raw_data/IPC
2022-02-01 00:00:00+00:00,2022-03-31 00:00:00+00:00,Leer,62130.0,raw_data/IPC
2022-10-01 00:00:00+00:00,2022-11-30 00:00:00+00:00,Leer,58357.0,raw_data/IPC
2023-09-01 00:00:00+00:00,2023-11-30 00:00:00+00:00,Leer,55336.0,raw_data/IPC
2024-09-01 00:00:00+00:00,2024-11-30 00:00:00+00:00,Leer,48000.0,raw_data/IPC
2025-09-22 00:00:00+00:00,2025-11-30 00:00:00+00:00,Leer,42976.0,raw_data/IPC
2022-02-01 00:00:00+00:00,2022-03-31 00:00:00+00:00,Longochuk,37223.0,raw_data/IPC
2022-10-01 00:00:00+00:00,2022-11-30 00:00:00+00:00,Longochuk,44753.0,raw_data/IPC
2023-09-01 00:00:00+00:00,2023-11-30 00:00:00+00:00,Longochuk,28734.0,raw_data/IPC
2024-09-01 00:00:00+00:00,2024-11-30 00:00:00+00:00,Longochuk,43000.0,raw_data/IPC
2025-09-22 00:00:00+00:00,2025-11-30 00:00:00+00:00,Longochuk,51935.0,raw_data/IPC
2022-02-01 00:00:00+00:00,2022-03-31 00:00:00+00:00,Luakpiny/nasir,190965.0,raw_data/IPC
2022-10-01 00:00:00+00:00,2022-11-30 00:00:00+00:00,Luakpiny/nasir,191329.0,raw_data/IPC
2023-09-01 00:00:00+00:00,2023-11-30 00:00:00+00:00,Luakpiny/nasir,39479.0,raw_data/IPC
2024-09-01 00:00:00+00:00,2024-11-30 00:00:00+00:00,Luakpiny/nasir,197000.0,raw_data/IPC
2025-09-22 00:00:00+00:00,2025-11-30 00:00:00+00:00,Luakpiny/nasir,230768.0,raw_data/IPC
2022-02-01 00:00:00+00:00,2022-03-31 00:00:00+00:00,Maban,36756.0,raw_data/IPC
2022-10-01 00:00:00+00:00,2022-11-30 00:00:00+00:00,Maban,40916.0,raw_data/IPC
2023-09-01 00:00:00+00:00,2023-11-30 00:00:00+00:00,Maban,133747.0,raw_data/IPC
2024-09-01 00:00:00+00:00,2024-11-30 00:00:00+00:00,Maban,47000.0,raw_data/IPC
2025-09-22 00:00:00+00:00,2025-11-30 00:00:00+00:00,Maban,53628.0,raw_data/IPC
2022-02-01 00:00:00+00:00,2022-03-31 00:00:00+00:00,Magwi,52972.0,raw_data/IPC
2022-10-01 00:00:00+00:00,2022-11-30 00:00:00+00:00,Magwi,53072.0,raw_data/IPC
2023-09-01 00:00:00+00:00,2023-11-30 00:00:00+00:00,Magwi,21807.0,raw_data/IPC
2024-09-01 00:00:00+00:00,2024-11-30 00:00:00+00:00,Magwi,69000.0,raw_data/IPC
2025-09-22 00:00:00+00:00,2025-11-30 00:00:00+00:00,Magwi,42397.0,raw_data/IPC
2022-02-01 00:00:00+00:00,2022-03-31 00:00:00+00:00,Maiwut,92495.0,raw_data/IPC
2022-10-01 00:00:00+00:00,2022-11-30 00:00:00+00:00,Maiwut,79431.0,raw_data/IPC
2023-09-01 00:00:00+00:00,2023-11-30 00:00:00+00:00,Maiwut,19712.0,raw_data/IPC
2024-09-01 00:00:00+00:00,2024-11-30 00:00:00+00:00,Maiwut,62000.0,raw_data/IPC
2025-09-22 00:00:00+00:00,2025-11-30 00:00:00+00:00,Maiwut,50120.0,raw_data/IPC
2022-02-01 00:00:00+00:00,2022-03-31 00:00:00+00:00,Malakal,107336.0,raw_data/IPC
2022-10-01 00:00:00+00:00,2022-11-30 00:00:00+00:00,Malakal,127093.0,raw_data/IPC
2023-09-01 00:00:00+00:00,2023-11-30 00:00:00+00:00,Malakal,38115.0,raw_data/IPC
2024-09-01 00:00:00+00:00,2024-11-30 00:00:00+00:00,Malakal,140000.0,raw_data/IPC
2025-09-22 00:00:00+00:00,2025-11-30 00:00:00+00:00,Malakal,182923.0,raw_data/IPC
2022-02-01 00:00:00+00:00,2022-03-31 00:00:00+00:00,Manyo,31573.0,raw_data/IPC
2022-10-01 00:00:00+00:00,2022-11-30 00:00:00+00:00,Manyo,47449.0,raw_data/IPC
2023-09-01 00:00:00+00:00,2023-11-30 00:00:00+00:00,Manyo,9930.0,raw_data/IPC
2024-09-01 00:00:00+00:00,2024-11-30 00:00:00+00:00,Manyo,41000.0,raw_data/IPC
2025-09-22 00:00:00+00:00,2025-11-30 00:00:00+00:00,Manyo,64527.0,raw_data/IPC
2022-02-01 00:00:00+00:00,2022-03-31 00:00:00+00:00,Maridi,16546.0,raw_data/IPC
2022-10-01 00:00:00+00:00,2022-11-30 00:00:00+00:00,Maridi,22101.0,raw_data/IPC
2023-09-01 00:00:00+00:00,2023-11-30 00:00:00+00:00,Maridi,13071.0,raw_data/IPC
2024-09-01 00:00:00+00:00,2024-11-30 00:00:00+00:00,Maridi,17000.0,raw_data/IPC
2025-09-22 00:00:00+00:00,2025-11-30 00:00:00+00:00,Maridi,17588.0,raw_data/IPC
2022-02-01 00:00:00+00:00,2022-03-31 00:00:00+00:00,Mayendit,60180.0,raw_data/IPC
2022-10-01 00:00:00+00:00,2022-11-30 00:00:00+00:00,Mayendit,56748.0,raw_data/IPC
2023-09-01 00:00:00+00:00,2023-11-30 00:00:00+00:00,Mayendit,43006.0,raw_data/IPC
2024-09-01 00:00:00+00:00,2024-11-30 00:00:00+00:00,Mayendit,44000.0,raw_data/IPC
2025-09-22 00:00:00+00:00,2025-11-30 00:00:00+00:00,Mayendit,34310.0,raw_data/IPC
2022-02-01 00:00:00+00:00,2022-03-31 00:00:00+00:00,Mayom,101855.0,raw_data/IPC
2022-10-01 00:00:00+00:00,2022-11-30 00:00:00+00:00,Mayom,86348.0,raw_data/IPC
2023-09-01 00:00:00+00:00,2023-11-30 00:00:00+00:00,Mayom,72575.0,raw_data/IPC
2024-09-01 00:00:00+00:00,2024-11-30 00:00:00+00:00,Mayom,65000.0,raw_data/IPC
2025-09-22 00:00:00+00:00,2025-11-30 00:00:00+00:00,Mayom,87847.0,raw_data/IPC
2022-02-01 00:00:00+00:00,2022-03-31 00:00:00+00:00,Melut,64928.0,raw_data/IPC
2022-10-01 00:00:00+00:00,2022-11-30 00:00:00+00:00,Melut,65052.0,raw_data/IPC
2023-09-01 00:00:00+00:00,2023-11-30 00:00:00+00:00,Melut,42342.0,raw_data/IPC
2024-09-01 00:00:00+00:00,2024-11-30 00:00:00+00:00,Melut,61000.0,raw_data/IPC
2025-09-22 00:00:00+00:00,2025-11-30 00:00:00+00:00,Melut,72862.0,raw_data/IPC
2022-02-01 00:00:00+00:00,2022-03-31 00:00:00+00:00,Morobo,52207.0,raw_data/IPC
2022-10-01 00:00:00+00:00,2022-11-30 00:00:00+00:00,Morobo,34870.0,raw_data/IPC
2023-09-01 00:00:00+00:00,2023-11-30 00:00:00+00:00,Morobo,19821.0,raw_data/IPC
2024-09-01 00:00:00+00:00,2024-11-30 00:00:00+00:00,Morobo,66000.0,raw_data/IPC
2025-09-22 00:00:00+00:00,2025-11-30 00:00:00+00:00,Morobo,55498.0,raw_data/IPC
2022-02-01 00:00:00+00:00,2022-03-31 00:00:00+00:00,Mundri east,40034.0,raw_data/IPC
2022-10-01 00:00:00+00:00,2022-11-30 00:00:00+00:00,Mundri east,45123.0,raw_data/IPC
2023-09-01 00:00:00+00:00,2023-11-30 00:00:00+00:00,Mundri east,24057.0,raw_data/IPC
2024-09-01 00:00:00+00:00,2024-11-30 00:00:00+00:00,Mundri east,31000.0,raw_data/IPC
2025-09-22 00:00:00+00:00,2025-11-30 00:00:00+00:00,Mundri east,21276.0,raw_data/IPC
2022-02-01 00:00:00+00:00,2022-03-31 00:00:00+00:00,Mundri west,22351.0,raw_data/IPC
2022-10-01 00:00:00+00:00,2022-11-30 00:00:00+00:00,Mundri west,12440.0,raw_data/IPC
2023-09-01 00:00:00+00:00,2023-11-30 00:00:00+00:00,Mundri west,15716.0,raw_data/IPC
2024-09-01 00:00:00+00:00,2024-11-30 00:00:00+00:00,Mundri west,13000.0,raw_data/IPC
2025-09-22 00:00:00+00:00,2025-11-30 00:00:00+00:00,Mundri west,10558.0,raw_data/IPC
2022-02-01 00:00:00+00:00,2022-03-31 00:00:00+00:00,Mvolo,22562.0,raw_data/IPC
2022-10-01 00:00:00+00:00,2022-11-30 00:00:00+00:00,Mvolo,37674.0,raw_data/IPC
2023-09-01 00:00:00+00:00,2023-11-30 00:00:00+00:00,Mvolo,26136.0,raw_data/IPC
2024-09-01 00:00:00+00:00,2024-11-30 00:00:00+00:00,Mvolo,31000.0,raw_data/IPC
2025-09-22 00:00:00+00:00,2025-11-30 00:00:00+00:00,Mvolo,27979.0,raw_data/IPC
2022-02-01 00:00:00+00:00,2022-03-31 00:00:00+00:00,Nagero,23253.0,raw_data/IPC
2022-10-01 00:00:00+00:00,2022-11-30 00:00:00+00:00,Nagero,24624.0,raw_data/IPC
2023-09-01 00:00:00+00:00,2023-11-30 00:00:00+00:00,Nagero,10695.0,raw_data/IPC
2024-09-01 00:00:00+00:00,2024-11-30 00:00:00+00:00,Nagero,24000.0,raw_data/IPC
2025-09-22 00:00:00+00:00,2025-11-30 00:00:00+00:00,Nagero,25363.0,raw_data/IPC
2022-02-01 00:00:00+00:00,2022-03-31 00:00:00+00:00,Nyirol,106685.0,raw_data/IPC
2022-10-01 00:00:00+00:00,2022-11-30 00:00:00+00:00,Nyirol,106886.0,raw_data/IPC
2023-09-01 00:00:00+00:00,2023-11-30 00:00:00+00:00,Nyirol,50544.0,raw_data/IPC
2024-09-01 00:00:00+00:00,2024-11-30 00:00:00+00:00,Nyirol,88000.0,raw_data/IPC
2025-09-22 00:00:00+00:00,2025-11-30 00:00:00+00:00,Nyirol,83261.0,raw_data/IPC
2022-02-01 00:00:00+00:00,2022-03-31 00:00:00+00:00,Nzara,12540.0,raw_data/IPC
2022-10-01 00:00:00+00:00,2022-11-30 00:00:00+00:00,Nzara,4187.0,raw_data/IPC
2023-09-01 00:00:00+00:00,2023-11-30 00:00:00+00:00,Nzara,0.0,raw_data/IPC
2024-09-01 00:00:00+00:00,2024-11-30 00:00:00+00:00,Nzara,9000.0,raw_data/IPC
2025-09-22 00:00:00+00:00,2025-11-30 00:00:00+00:00,Nzara,4443.0,raw_data/IPC
2022-02-01 00:00:00+00:00,2022-03-31 00:00:00+00:00,Panyijiar,90025.0,raw_data/IPC
2022-10-01 00:00:00+00:00,2022-11-30 00:00:00+00:00,Panyijiar,72156.0,raw_data/IPC
2023-09-01 00:00:00+00:00,2023-11-30 00:00:00+00:00,Panyijiar,76565.0,raw_data/IPC
2024-09-01 00:00:00+00:00,2024-11-30 00:00:00+00:00,Panyijiar,68000.0,raw_data/IPC
2025-09-22 00:00:00+00:00,2025-11-30 00:00:00+00:00,Panyijiar,64086.0,raw_data/IPC
2022-02-01 00:00:00+00:00,2022-03-31 00:00:00+00:00,Panyikang,43502.0,raw_data/IPC
2022-10-01 00:00:00+00:00,2022-11-30 00:00:00+00:00,Panyikang,0.0,raw_data/IPC
2023-09-01 00:00:00+00:00,2023-11-30 00:00:00+00:00,Panyikang,20845.0,raw_data/IPC
2024-09-01 00:00:00+00:00,2024-11-30 00:00:00+00:00,Panyikang,45000.0,raw_data/IPC
2025-09-22 00:00:00+00:00,2025-11-30 00:00:00+00:00,Panyikang,44194.0,raw_data/IPC
2022-02-01 00:00:00+00:00,2022-03-31 00:00:00+00:00,Pariang,91811.0,raw_data/IPC
2022-10-01 00:00:00+00:00,2022-11-30 00:00:00+00:00,Pariang,72274.0,raw_data/IPC
2023-09-01 00:00:00+00:00,2023-11-30 00:00:00+00:00,Pariang,77459.0,raw_data/IPC
2024-09-01 00:00:00+00:00,2024-11-30 00:00:00+00:00,Pariang,61000.0,raw_data/IPC
2025-09-22 00:00:00+00:00,2025-11-30 00:00:00+00:00,Pariang,56776.0,raw_data/IPC
2022-02-01 00:00:00+00:00,2022-03-31 00:00:00+00:00,Pibor,193677.0,raw_data/IPC
2022-10-01 00:00:00+00:00,2022-11-30 00:00:00+00:00,Pibor,171213.0,raw_data/IPC
2023-09-01 00:00:00+00:00,2023-11-30 00:00:00+00:00,Pibor,164808.0,raw_data/IPC
2024-09-01 00:00:00+00:00,2024-11-30 00:00:00+00:00,Pibor,188000.0,raw_data/IPC
2025-09-22 00:00:00+00:00,2025-11-30 00:00:00+00:00,Pibor,169630.0,raw_data/IPC
2022-02-01 00:00:00+00:00,2022-03-31 00:00:00+00:00,Pochalla,31765.0,raw_data/IPC
2022-10-01 00:00:00+00:00,2022-11-30 00:00:00+00:00,Pochalla,35802.0,raw_data/IPC
2023-09-01 00:00:00+00:00,2023-11-30 00:00:00+00:00,Pochalla,13233.0,raw_data/IPC
2024-09-01 00:00:00+00:00,2024-11-30 00:00:00+00:00,Pochalla,41000.0,raw_data/IPC
2025-09-22 00:00:00+00:00,2025-11-30 00:00:00+00:00,Pochalla,42371.0,raw_data/IPC
2022-02-01 00:00:00+00:00,2022-03-31 00:00:00+00:00,Raja,14881.0,raw_data/IPC
2022-10-01 00:00:00+00:00,2022-11-30 00:00:00+00:00,Raja,26836.0,raw_data/IPC
2023-09-01 00:00:00+00:00,2023-11-30 00:00:00+00:00,Raja,48754.0,raw_data/IPC
2024-09-01 00:00:00+00:00,2024-11-30 00:00:00+00:00,Raja,34000.0,raw_data/IPC
2025-09-22 00:00:00+00:00,2025-11-30 00:00:00+00:00,Raja,29653.0,raw_data/IPC
2022-02-01 00:00:00+00:00,2022-03-31 00:00:00+00:00,Renk,77515.0,raw_data/IPC
2022-10-01 00:00:00+00:00,2022-11-30 00:00:00+00:00,Renk,87369.0,raw_data/IPC
2023-09-01 00:00:00+00:00,2023-11-30 00:00:00+00:00,Renk,21436.0,raw_data/IPC
2024-09-01 00:00:00+00:00,2024-11-30 00:00:00+00:00,Renk,100000.0,raw_data/IPC
2025-09-22 00:00:00+00:00,2025-11-30 00:00:00+00:00,Renk,345361.0,raw_data/IPC
2023-09-01 00:00:00+00:00,2023-11-30 00:00:00+00:00,Returnees,168000.0,raw_data/IPC
2024-09-01 00:00:00+00:00,2024-11-30 00:00:00+00:00,Returnees,314000.0,raw_data/IPC
2022-02-01 00:00:00+00:00,2022-03-31 00:00:00+00:00,Rubkona,205048.0,raw_data/IPC
2022-10-01 00:00:00+00:00,2022-11-30 00:00:00+00:00,Rubkona,273916.0,raw_data/IPC
2023-09-01 00:00:00+00:00,2023-11-30 00:00:00+00:00,Rubkona,246946.0,raw_data/IPC
2024-09-01 00:00:00+00:00,2024-11-30 00:00:00+00:00,Rubkona,265000.0,raw_data/IPC
2025-09-22 00:00:00+00:00,2025-11-30 00:00:00+00:00,Rubkona,248520.0,raw_data/IPC
2022-02-01 00:00:00+00:00,2022-03-31 00:00:00+00:00,Rumbek centre,97023.0,raw_data/IPC
2022-10-01 00:00:00+00:00,2022-11-30 00:00:00+00:00,Rumbek centre,118808.0,raw_data/IPC
2023-09-01 00:00:00+00:00,2023-11-30 00:00:00+00:00,Rumbek centre,80743.0,raw_data/IPC
2024-09-01 00:00:00+00:00,2024-11-30 00:00:00+00:00,Rumbek centre,111000.0,raw_data/IPC
2025-09-22 00:00:00+00:00,2025-11-30 00:00:00+00:00,Rumbek centre,114723.0,raw_data/IPC
2022-02-01 00:00:00+00:00,2022-03-31 00:00:00+00:00,Rumbek east,87279.0,raw_data/IPC
2022-10-01 00:00:00+00:00,2022-11-30 00:00:00+00:00,Rumbek east,96189.0,raw_data/IPC
2023-09-01 00:00:00+00:00,2023-11-30 00:00:00+00:00,Rumbek east,113986.0,raw_data/IPC
2024-09-01 00:00:00+00:00,2024-11-30 00:00:00+00:00,Rumbek east,99000.0,raw_data/IPC
2025-09-22 00:00:00+00:00,2025-11-30 00:00:00+00:00,Rumbek east,83542.0,raw_data/IPC
2022-02-01 00:00:00+00:00,2022-03-31 00:00:00+00:00,Rumbek north,47270.0,raw_data/IPC
2022-10-01 00:00:00+00:00,2022-11-30 00:00:00+00:00,Rumbek north,47359.0,raw_data/IPC
2023-09-01 00:00:00+00:00,2023-11-30 00:00:00+00:00,Rumbek north,48076.0,raw_data/IPC
2024-09-01 00:00:00+00:00,2024-11-30 00:00:00+00:00,Rumbek north,34000.0,raw_data/IPC
2025-09-22 00:00:00+00:00,2025-11-30 00:00:00+00:00,Rumbek north,30940.0,raw_data/IPC
2022-02-01 00:00:00+00:00,2022-03-31 00:00:00+00:00,Tambura,101240.0,raw_data/IPC
2022-10-01 00:00:00+00:00,2022-11-30 00:00:00+00:00,Tambura,47732.0,raw_data/IPC
2023-09-01 00:00:00+00:00,2023-11-30 00:00:00+00:00,Tambura,8863.0,raw_data/IPC
2024-09-01 00:00:00+00:00,2024-11-30 00:00:00+00:00,Tambura,37000.0,raw_data/IPC
2025-09-22 00:00:00+00:00,2025-11-30 00:00:00+00:00,Tambura,37981.0,raw_data/IPC
2022-02-01 00:00:00+00:00,2022-03-31 00:00:00+00:00,Terekeka,155038.0,raw_data/IPC
2022-10-01 00:00:00+00:00,2022-11-30 00:00:00+00:00,Terekeka,103555.0,raw_data/IPC
2023-09-01 00:00:00+00:00,2023-11-30 00:00:00+00:00,Terekeka,109346.0,raw_data/IPC
2024-09-01 00:00:00+00:00,2024-11-30 00:00:00+00:00,Terekeka,120000.0,raw_data/IPC
2025-09-22 00:00:00+00:00,2025-11-30 00:00:00+00:00,Terekeka,123616.0,raw_data/IPC
2022-02-01 00:00:00+00:00,2022-03-31 00:00:00+00:00,Tonj East,96873.0,raw_data/IPC
2022-10-01 00:00:00+00:00,2022-11-30 00:00:00+00:00,Tonj East,101616.0,raw_data/IPC
2023-09-01 00:00:00+00:00,2023-11-30 00:00:00+00:00,Tonj East,121699.0,raw_data/IPC
2024-09-01 00:00:00+00:00,2024-11-30 00:00:00+00:00,Tonj East,77000.0,raw_data/IPC
2025-09-22 00:00:00+00:00,2025-11-30 00:00:00+00:00,Tonj East,88533.0,raw_data/IPC
2022-02-01 00:00:00+00:00,2022-03-31 00:00:00+00:00,Tonj North,184130.0,raw_data/IPC
2022-10-01 00:00:00+00:00,2022-11-30 00:00:00+00:00,Tonj North,144949.0,raw_data/IPC
2023-09-01 00:00:00+00:00,2023-11-30 00:00:00+00:00,Tonj North,227975.0,raw_data/IPC
2024-09-01 00:00:00+00:00,2024-11-30 00:00:00+00:00,Tonj North,95000.0,raw_data/IPC
2025-09-22 00:00:00+00:00,2025-11-30 00:00:00+00:00,Tonj North,98154.0,raw_data/IPC
2022-02-01 00:00:00+00:00,2022-03-31 00:00:00+00:00,Tonj South,77595.0,raw_data/IPC
2022-10-01 00:00:00+00:00,2022-11-30 00:00:00+00:00,Tonj South,65782.0,raw_data/IPC
2023-09-01 00:00:00+00:00,2023-11-30 00:00:00+00:00,Tonj South,102311.0,raw_data/IPC
2024-09-01 00:00:00+00:00,2024-11-30 00:00:00+00:00,Tonj South,31000.0,raw_data/IPC
2025-09-22 00:00:00+00:00,2025-11-30 00:00:00+00:00,Tonj South,32008.0,raw_data/IPC
2022-02-01 00:00:00+00:00,2022-03-31 00:00:00+00:00,Torit,25189.0,raw_data/IPC
2022-10-01 00:00:00+00:00,2022-11-30 00:00:00+00:00,Torit,22083.0,raw_data/IPC
2023-09-01 00:00:00+00:00,2023-11-30 00:00:00+00:00,Torit,34472.0,raw_data/IPC
2024-09-01 00:00:00+00:00,2024-11-30 00:00:00+00:00,Torit,32000.0,raw_data/IPC
2025-09-22 00:00:00+00:00,2025-11-30 00:00:00+00:00,Torit,22154.0,raw_data/IPC
2022-02-01 00:00:00+00:00,2022-03-31 00:00:00+00:00,Twic,175773.0,raw_data/IPC
2022-10-01 00:00:00+00:00,2022-11-30 00:00:00+00:00,Twic,176106.0,raw_data/IPC
2023-09-01 00:00:00+00:00,2023-11-30 00:00:00+00:00,Twic,195208.0,raw_data/IPC
2024-09-01 00:00:00+00:00,2024-11-30 00:00:00+00:00,Twic,126000.0,raw_data/IPC
2025-09-22 00:00:00+00:00,2025-11-30 00:00:00+00:00,Twic,106446.0,raw_data/IPC
2022-02-01 00:00:00+00:00,2022-03-31 00:00:00+00:00,Twic east,93088.0,raw_data/IPC
2022-10-01 00:00:00+00:00,2022-11-30 00:00:00+00:00,Twic east,87045.0,raw_data/IPC
2023-09-01 00:00:00+00:00,2023-11-30 00:00:00+00:00,Twic east,25635.0,raw_data/IPC
2024-09-01 00:00:00+00:00,2024-11-30 00:00:00+00:00,Twic east,70000.0,raw_data/IPC
2025-09-22 00:00:00+00:00,2025-11-30 00:00:00+00:00,Twic east,66263.0,raw_data/IPC
2022-02-01 00:00:00+00:00,2022-03-31 00:00:00+00:00,Ulang,70567.0,raw_data/IPC
2022-10-01 00:00:00+00:00,2022-11-30 00:00:00+00:00,Ulang,91910.0,raw_data/IPC
2023-09-01 00:00:00+00:00,2023-11-30 00:00:00+00:00,Ulang,38160.0,raw_data/IPC
2024-09-01 00:00:00+00:00,2024-11-30 00:00:00+00:00,Ulang,88000.0,raw_data/IPC
2025-09-22 00:00:00+00:00,2025-11-30 00:00:00+00:00,Ulang,99521.0,raw_data/IPC
2022-02-01 00:00:00+00:00,2022-03-31 00:00:00+00:00,Uror,146940.0,raw_data/IPC
2022-10-01 00:00:00+00:00,2022-11-30 00:00:00+00:00,Uror,137403.0,raw_data/IPC
2023-09-01 00:00:00+00:00,2023-11-30 00:00:00+00:00,Uror,86472.0,raw_data/IPC
2024-09-01 00:00:00+00:00,2024-11-30 00:00:00+00:00,Uror,132000.0,raw_data/IPC
2025-09-22 00:00:00+00:00,2025-11-30 00:00:00+00:00,Uror,114596.0,raw_data/IPC
2022-02-01 00:00:00+00:00,2022-03-31 00:00:00+00:00,Wau (Rural Only),96042.0,raw_data/IPC
2022-10-01 00:00:00+00:00,2022-11-30 00:00:00+00:00,Wau (Rural Only),112263.0,raw_data/IPC
2023-09-01 00:00:00+00:00,2023-11-30 00:00:00+00:00,Wau (Rural Only),114667.0,raw_data/IPC
2024-09-01 00:00:00+00:00,2024-11-30 00:00:00+00:00,Wau (Rural Only),149000.0,raw_data/IPC
2025-09-22 00:00:00+00:00,2025-11-30 00:00:00+00:00,Wau (Rural Only),54038.0,raw_data/IPC
2022-02-01 00:00:00+00:00,2022-03-31 00:00:00+00:00,Wulu,40074.0,raw_data/IPC
2022-10-01 00:00:00+00:00,2022-11-30 00:00:00+00:00,Wulu,40151.0,raw_data/IPC
2023-09-01 00:00:00+00:00,2023-11-30 00:00:00+00:00,Wulu,38185.0,raw_data/IPC
2024-09-01 00:00:00+00:00,2024-11-30 00:00:00+00:00,Wulu,33000.0,raw_data/IPC
2025-09-22 00:00:00+00:00,2025-11-30 00:00:00+00:00,Wulu,14204.0,raw_data/IPC
2022-02-01 00:00:00+00:00,2022-03-31 00:00:00+00:00,Yambio,42135.0,raw_data/IPC
2022-10-01 00:00:00+00:00,2022-11-30 00:00:00+00:00,Yambio,25328.0,raw_data/IPC
2023-09-01 00:00:00+00:00,2023-11-30 00:00:00+00:00,Yambio,13898.0,raw_data/IPC
2024-09-01 00:00:00+00:00,2024-11-30 00:00:00+00:00,Yambio,26000.0,raw_data/IPC
2025-09-22 00:00:00+00:00,2025-11-30 00:00:00+00:00,Yambio,8960.0,raw_data/IPC
2022-02-01 00:00:00+00:00,2022-03-31 00:00:00+00:00,Yei county,135985.0,raw_data/IPC
2022-10-01 00:00:00+00:00,2022-11-30 00:00:00+00:00,Yei county,105966.0,raw_data/IPC
2023-09-01 00:00:00+00:00,2023-11-30 00:00:00+00:00,Yei county,54552.0,raw_data/IPC
2024-09-01 00:00:00+00:00,2024-11-30 00:00:00+00:00,Yei county,125000.0,raw_data/IPC
2025-09-22 00:00:00+00:00,2025-11-30 00:00:00+00:00,Yei county,80618.0,raw_data/IPC
2022-02-01 00:00:00+00:00,2022-03-31 00:00:00+00:00,Yirol east,72166.0,raw_data/IPC
2022-10-01 00:00:00+00:00,2022-11-30 00:00:00+00:00,Yirol east,88371.0,raw_data/IPC
2023-09-01 00:00:00+00:00,2023-11-30 00:00:00+00:00,Yirol east,61645.0,raw_data/IPC
2024-09-01 00:00:00+00:00,2024-11-30 00:00:00+00:00,Yirol east,67000.0,raw_data/IPC
2025-09-22 00:00:00+00:00,2025-11-30 00:00:00+00:00,Yirol east,85416.0,raw_data/IPC
2022-02-01 00:00:00+00:00,2022-03-31 00:00:00+00:00,Yirol west,95959.0,raw_data/IPC
2022-10-01 00:00:00+00:00,2022-11-30 00:00:00+00:00,Yirol west,104881.0,raw_data/IPC
2023-09-01 00:00:00+00:00,2023-11-30 00:00:00+00:00,Yirol west,90513.0,raw_data/IPC
2024-09-01 00:00:00+00:00,2024-11-30 00:00:00+00:00,Yirol west,81000.0,raw_data/IPC
2025-09-22 00:00:00+00:00,2025-11-30 00:00:00+00:00,Yirol west,64931.0,raw_data/IPC
